mutant,score
G126A,-0.490571226
G126C,-1.155126815
G126E,-0.763835927
G126D,-2.121217584
G126N,-0.557593245
G126S,-0.470352252
G126R,-1.672589965
G126W,-2.145404108
G126V,-2.118319838
N127A,-3.996540722
N127C,-5.322163301
N127E,-5.167835154
N127D,-3.427033706
N127G,-4.003715775
N127F,-4.631491359
N127I,-4.059789016
N127H,-4.409684339
N127K,-3.233214158
N127L,-5.059128895
N127Q,-2.886064186
N127P,-4.561102031
N127S,-3.47389065
N127R,-3.775881268
N127T,-4.482297799
N127V,-5.456812828
N127Y,-4.560859677
I128A,-1.275039389
I128C,-0.304786732
I128G,-4.871850327
I128F,-4.181148786
I128H,-2.576208923
I128K,-5.284028172
I128M,-0.286417467
I128L,-0.064084479
I128N,-1.246725005
I128P,-4.960489027
I128S,-3.252833143
I128R,-5.360843769
I128T,-0.274079422
I128V,-0.141010466
I128Y,-3.605956267
F129A,-4.383563845
F129C,-4.154508127
F129G,-4.639903599
F129I,-2.70482848
F129H,-2.427957965
F129M,-5.553488847
F129L,-3.375987902
F129N,-3.309563264
F129S,-4.024775569
F129R,-4.290454441
F129T,-2.851712681
F129W,-4.461566357
F129V,-4.094379924
F129Y,0.056259241
I130A,-0.47834207
I130C,-0.356596798
I130D,-4.927884362
I130G,-3.927884362
I130F,-1.114359374
I130H,-3.811425385
I130K,-3.231560752
I130M,-0.109192135
I130L,0.034612351
I130N,-3.278667144
I130P,-3.483099519
I130S,-2.986830751
I130R,-4.828348688
I130T,-0.537325251
I130V,-0.220868688
I130Y,-3.553488847
K131A,-1.575582618
K131C,-1.831022822
K131E,-3.317583176
K131D,-5.271089116
K131G,-1.673070463
K131I,-4.031262102
K131H,-2.208163714
K131M,-4.004475337
K131L,-4.185624468
K131N,-2.797074248
K131Q,-3.128779327
K131P,-6.07472575
K131S,-1.602922207
K131R,-0.227607226
K131T,-4.071069423
K131W,-2.653653009
K131V,-4.553488847
K131Y,-2.654211435
N132A,0.041601177
N132C,-0.276800865
N132E,-0.767237174
N132D,-0.740517869
N132G,-0.216884504
N132F,-0.305861488
N132I,-1.741582557
N132H,-0.117136541
N132K,0.035531697
N132M,-0.408395698
N132L,-0.452826508
N132Q,-0.199410228
N132P,-0.399638608
N132S,-0.091549965
N132R,0.129720631
N132T,-0.641877197
N132V,-1.156153349
N132Y,-0.290774758
L133A,-1.356596798
L133C,-0.76031286
L133E,-4.279728035
L133F,-0.113802685
L133I,0.054294361
L133K,-4.12052944
L133M,-0.078851639
L133Q,-3.828348688
L133P,-4.427957965
L133S,-3.344250921
L133R,-5.42309221
L133T,-1.147608974
L133W,-4.149370568
L133V,-0.054659009
L133Y,-3.605956267
H134A,-0.254666112
H134C,-0.034760045
H134E,-0.288330447
H134D,0.090798606
H134G,-0.168016227
H134F,-0.333340647
H134I,-0.009368441
H134K,-0.339450597
H134M,-0.670593732
H134L,0.045687146
H134N,0.140031528
H134Q,-0.151012427
H134P,0.057826647
H134S,-0.204991295
H134R,-0.269696421
H134T,-0.149562257
H134V,0.071900594
H134Y,-0.322798668
P135A,0.038455525
P135C,0.018382278
P135D,-0.044121787
P135G,-0.354120068
P135F,0.048417795
P135I,-0.098540436
P135H,-0.013564071
P135L,0.067186747
P135N,-0.087579018
P135Q,0.206223727
P135S,0.034492995
P135R,0.056788071
P135T,0.083684721
P135V,0.15409294
P135Y,-0.175730855
D136A,-0.039686044
D136C,-0.022724654
D136E,-0.228584672
D136G,-0.297399572
D136F,0.004921716
D136I,-0.225611486
D136H,0.122496833
D136K,-0.651759956
D136L,0.1471085
D136N,-0.182333682
D136Q,-0.177112968
D136P,-2.025892566
D136S,-0.089469959
D136R,-0.445720322
D136T,-0.352702882
D136V,-0.143820696
D136Y,-0.082930127
I137A,-1.366129252
I137C,-0.893437682
I137D,-4.046528858
I137G,-5.091383094
I137F,-0.773072418
I137H,-2.094057228
I137K,-3.291641356
I137M,-0.774271186
I137L,-0.320122567
I137N,-2.594624794
I137P,-4.094057228
I137S,-2.28087588
I137R,-4.32760744
I137T,-1.213615853
I137V,-0.376403621
I137Y,-1.182516327
D138A,-0.778367947
D138C,-0.220065113
D138E,-0.406242842
D138G,-0.437752389
D138F,-1.372068207
D138I,-0.822448087
D138H,-0.1297597
D138K,-1.180650432
D138L,-0.723111145
D138N,-0.097236453
D138Q,-0.676381025
D138P,-0.198688503
D138S,-0.435775219
D138R,-0.914078562
D138T,-0.680159887
D138V,-0.932353236
D138Y,-1.249157578
N139A,-0.174255438
N139C,-0.502290784
N139E,-1.322867914
N139D,-0.221440355
N139G,-0.100839533
N139F,-1.623234258
N139I,-0.711846338
N139H,-0.178401984
N139K,-1.411176077
N139M,-0.278767655
N139L,-0.743675134
N139Q,-0.215482544
N139P,-0.433429044
N139S,-0.176926284
N139R,-2.080245844
N139T,-0.224368173
N139V,-0.29955787
N139Y,-1.080232312
K140A,-0.535566939
K140E,-1.659069948
K140D,-2.277007744
K140G,-0.374103516
K140I,-0.857641122
K140H,-0.29516873
K140M,-0.607127415
K140L,-0.549241876
K140N,-0.738438091
K140Q,-0.538352698
K140P,-0.383563845
K140S,-0.640226169
K140R,0.06558084
K140T,-0.855944171
K140W,-0.369433517
K140V,-0.651375392
K140Y,-0.697561511
A141C,0.595062504
A141E,-1.107929403
A141D,-0.601760421
A141G,-0.357111719
A141F,-0.859569362
A141I,-0.504870142
A141H,-0.81334793
A141L,-0.190134907
A141N,-0.390227576
A141P,-1.755181364
A141S,0.089384295
A141R,-1.143429842
A141T,0.073194045
A141V,-0.271230706
A141Y,-0.712561514
L142A,-0.466803006
L142C,-0.049663109
L142G,-4.95510583
L142F,0.076091633
L142I,-0.314322094
L142K,-3.673070463
L142M,-0.051743419
L142Q,-1.573895058
L142P,-3.535566939
L142S,-3.424356741
L142R,-4.743459791
L142T,-0.878035812
L142W,-4.30247134
L142V,-0.252931874
L142Y,-1.926356892
Y143A,-0.161171424
Y143C,-0.45876728
Y143E,-1.395245651
Y143D,-0.470653566
Y143G,-0.896067154
Y143F,0.006352439
Y143I,-0.549833508
Y143H,0.005550529
Y143K,-0.134297595
Y143L,-0.181781704
Y143N,0.052114847
Y143Q,-0.302564123
Y143P,-3.361537539
Y143S,-0.237594037
Y143R,0.016830896
Y143T,-1.073608392
Y143W,-0.419814372
Y143V,-0.756373109
D144A,-0.06571066
D144C,-0.05691334
D144E,0.079855326
D144G,-0.190743537
D144F,-0.198486619
D144I,-0.115791521
D144H,-0.041858246
D144K,-0.036069087
D144L,-0.297492895
D144N,-0.037690197
D144Q,0.007270086
D144P,-2.976938586
D144S,0.218077396
D144R,-0.22913518
D144T,0.192060791
D144V,-0.042901227
D144Y,-0.173193419
T145A,0.05980778
T145C,-0.104103892
T145D,-2.167835154
T145G,-0.496572807
T145F,-0.866646732
T145I,-0.675794005
T145H,-0.762756146
T145K,-0.782360704
T145M,-0.215722159
T145L,-0.990552653
T145N,-0.84532973
T145P,-2.703983347
T145S,0.099062457
T145R,-1.184167726
T145V,-0.468325907
T145Y,-1.325349232
F146A,-0.241473052
F146C,-0.077765396
F146D,-4.020993766
F146G,-0.336008616
F146I,-0.084660134
F146H,-2.272532533
F146M,0.053692497
F146L,0.055826542
F146N,-2.066081656
F146P,-2.646598251
F146S,-0.5461092
F146R,-2.991246423
F146T,-0.47834207
F146W,-0.827170497
F146V,-0.21075644
F146Y,-0.535637347
S147A,-0.208244669
S147C,-0.241571951
S147D,-0.300532013
S147G,-0.050580562
S147F,-0.244477122
S147I,-0.244012493
S147H,-0.121481399
S147L,0.171419498
S147N,-0.011449993
S147P,-3.730187892
S147R,-0.163885809
S147T,0.037632195
S147W,-0.31266822
S147V,-0.195118756
S147Y,-0.287221768
V148A,-0.291926901
V148E,-0.178780208
V148D,-0.715833885
V148G,-0.712163099
V148F,-0.423353876
V148I,0.095864241
V148K,-0.725020212
V148M,0.027815405
V148L,0.079488316
V148Q,-0.563223282
V148P,-0.820854152
V148S,-0.38963836
V148R,-0.955405424
V148T,-0.208585616
V148W,-0.804360614
F149A,-2.683124127
F149C,-1.464244214
F149D,-5.798601345
F149G,-4.348798427
F149I,-0.479934735
F149H,-1.358901791
F149M,0.038460084
F149L,-0.365377949
F149N,-2.514808379
F149P,-4.12052944
F149S,-3.222126522
F149R,-2.952406681
F149T,-3.561102031
F149W,-0.073108535
F149V,-1.32673656
F149Y,-0.844944025
G150A,-0.696054511
G150C,-1.722398674
G150E,-4.246060322
G150D,-3.176992336
G150F,-5.540068331
G150I,-4.521067369
G150H,-6.065387885
G150L,-3.576208923
G150N,-2.551508483
G150P,-6.605956267
G150S,-0.606404164
G150R,-4.519641076
G150T,-3.586503904
G150W,-3.692610649
G150V,-4.448169301
G150Y,-5.927884362
D151A,-0.021072787
D151C,-0.359112023
D151E,-0.037609484
D151G,-0.090332912
D151F,0.037309798
D151I,-0.343877509
D151H,-0.107376922
D151K,-0.173205313
D151L,-0.379127357
D151N,-0.031312092
D151Q,0.223230338
D151P,-0.471486002
D151S,-0.06818822
D151R,-0.485315647
D151T,-0.331249816
D151V,-0.040240591
D151Y,-0.149009371
I152A,-2.584800296
I152C,-1.737983915
I152D,-5.881553439
I152G,-3.306644603
I152F,-4.171377416
I152H,-4.969609616
I152K,-5.152731919
I152M,-2.005459432
I152L,-0.75642895
I152N,-4.41802172
I152P,-2.878725812
I152S,-4.462950209
I152R,-4.950500793
I152T,-1.766349809
I152V,-0.291584871
I152Y,-4.355888122
L153A,-0.985534131
L153C,-1.000146549
L153E,-2.880880697
L153G,-1.190714491
L153F,-0.372090943
L153I,-1.266002618
L153K,-0.621280205
L153M,-0.040709287
L153Q,-0.466220916
L153P,-2.142718342
L153S,-0.277562598
L153R,-0.310396738
L153T,-0.577292193
L153W,-0.316232405
L153V,-0.963310742
L153Y,-0.514357129
S154A,-1.955129998
S154C,-1.305461632
S154D,-5.113999525
S154G,-2.976496001
S154F,-3.82295911
S154I,-3.296152229
S154H,-5.476569604
S154L,-3.694201366
S154P,-4.343683135
S154R,-2.241056261
S154T,-2.31903928
S154W,-3.195613291
S154V,-3.787771293
S154Y,-3.887540139
S155A,-0.345714168
S155C,-0.113740613
S155E,-1.363228131
S155D,-1.971158403
S155G,-0.29164953
S155F,-1.701873621
S155I,-1.706687364
S155H,-0.828597306
S155K,-3.834382235
S155M,-1.59367449
S155L,-0.440460906
S155N,-0.526492715
S155P,-1.40146235
S155R,-2.474385357
S155T,-0.90688536
S155W,-0.608914172
S155V,-0.995133124
S155Y,-0.702573279
K156A,-1.411513721
K156E,-4.083508333
K156D,-4.764456126
K156G,-4.245244058
K156I,-0.557579261
K156H,-1.879522136
K156M,-1.173494246
K156L,-0.536158056
K156N,-2.290232506
K156Q,-1.678283395
K156P,-5.969609616
K156S,-1.985875765
K156R,-0.56915721
K156T,-1.493877794
K156W,-1.437889136
K156V,-1.161466264
K156Y,-2.215014127
I157A,-0.731142431
I157C,0.14352112
I157D,-4.780575791
I157G,-3.994700597
I157F,-1.872775995
I157H,-1.022077036
I157K,-1.53085976
I157M,-0.000442142
I157L,-0.062614957
I157N,-1.787630013
I157P,-3.936694993
I157S,-1.32983273
I157R,-1.001204631
I157T,-0.391898117
I157V,-0.077612354
I157Y,-3.80545046
A158C,0.138593134
A158E,-0.862380965
A158D,-1.037328797
A158G,-0.296212572
A158F,-2.038354472
A158I,-0.955479287
A158H,-0.958442814
A158L,-2.699655796
A158N,-0.387681175
A158P,-0.137539675
A158S,-0.195655234
A158R,-0.496895166
A158T,-0.619526768
A158V,-0.069387978
A158Y,-4.276270954
T159A,-0.010636926
T159C,0.077455915
T159D,-0.228034768
T159G,-0.081310906
T159F,-0.31684037
T159I,-0.08090848
T159H,-1.248746219
T159K,-0.970853855
T159M,0.286846169
T159L,0.002809164
T159N,-0.156995162
T159P,-0.135715401
T159S,-0.013288511
T159R,-0.284137204
T159V,0.052314223
T159Y,0.145582531
D160A,0.036099415
D160C,0.065657014
D160E,-0.082182802
D160G,0.034960197
D160F,-0.032524514
D160I,-0.182720669
D160H,-0.011165785
D160K,-0.052588621
D160L,0.013772025
D160N,0.009216866
D160Q,-0.133728319
D160P,-1.694715055
D160S,0.099474065
D160R,-0.128792686
D160T,0.042429634
D160V,-0.199385074
D160Y,0.013590922
E161A,0.073633525
E161D,-0.009832079
E161G,0.04028211
E161I,0.049406819
E161H,0.046925478
E161K,0.070790784
E161L,-0.132591716
E161N,0.229524391
E161Q,0.048671531
E161P,-0.070427923
E161S,-0.200011754
E161R,0.082274243
E161T,0.26911407
E161V,0.063942858
E161Y,0.048148126
N162A,-0.006411579
N162C,-0.104479265
N162E,0.096797758
N162D,-0.014721293
N162G,-0.000217602
N162F,0.075979424
N162I,-0.108203857
N162H,0.038151295
N162K,0.042060079
N162M,0.150310285
N162L,0.032087118
N162Q,-0.073246431
N162P,-0.73342731
N162S,-0.031353546
N162R,-0.063610819
N162T,-0.018954818
N162V,0.012935737
N162Y,-0.129427581
G163A,-0.028117494
G163C,-0.302119004
G163E,-0.153338818
G163D,-0.128712023
G163I,-0.013212845
G163K,-0.323758624
G163L,0.319254915
G163Q,-0.093969954
G163P,-3.054665386
G163S,-0.140706785
G163R,0.068534604
G163T,-0.44338094
G163W,-0.367539382
G163V,-0.330265873
K164A,-0.477326249
K164E,-0.108106357
K164D,-0.173646171
K164G,0.016721872
K164F,0.149584584
K164I,-0.084944674
K164H,-0.362972486
K164M,0.053886331
K164L,-0.268161372
K164N,-0.061622688
K164Q,-0.095348488
K164P,-1.14833423
K164S,-0.108291193
K164R,-0.073908577
K164T,-0.084983826
K164V,-0.322411919
K164Y,-0.313708782
S165A,-0.107896155
S165C,-0.612486572
S165D,-1.638024173
S165G,-0.470143335
S165F,-0.215576861
S165I,-1.136719602
S165H,0.006238352
S165L,-0.280172392
S165N,0.146214362
S165P,-0.13259217
S165R,-0.610320993
S165T,-0.165129197
S165W,-0.933186207
S165V,-0.257496954
S165Y,-0.425296035
K166A,-0.993761648
K166E,-1.182172507
K166D,-1.576910578
K166G,-1.340937781
K166I,-1.055898487
K166H,-0.748775763
K166M,-0.508682457
K166L,-0.43400841
K166N,-0.982645516
K166Q,-0.610568326
K166P,-2.574840714
K166S,-1.086335496
K166R,0.05656362
K166T,-2.814212515
K166W,-1.619802488
K166V,-0.602629431
K166Y,-0.554728667
G167A,-0.063362782
G167C,0.165631414
G167E,-0.234087438
G167D,-1.560439945
G167F,-0.481040308
G167I,-3.330491345
G167H,0.07756777
G167L,0.140186979
G167N,0.08567282
G167P,-0.356285979
G167S,0.045415463
G167R,0.188938117
G167T,-0.248166138
G167W,-1.017137986
G167V,-2.455777521
G167Y,-0.346500592
F168A,-2.001790021
F168C,-2.077702049
F168D,-4.969609616
F168I,-2.105667436
F168H,-0.314506721
F168M,-0.587381011
F168L,-3.401008291
F168N,-4.296590938
F168P,-6.113999525
F168S,-2.261211021
F168R,-2.131966072
F168T,-3.142013901
F168W,-2.730452312
F168V,-1.764702128
F168Y,-0.20044043
G169A,0.062483786
G169C,-0.620937128
G169E,-4.730338964
G169D,-4.714729342
G169K,-6.213535199
G169M,-4.000905746
G169L,-5.398142957
G169Q,-6.458647696
G169P,-4.508278464
G169S,-1.133495701
G169R,-4.841258019
G169T,-5.51869508
G169W,-4.325957023
G169V,-4.490733781
F170A,-2.605168094
F170C,-2.988020949
F170G,-6.291537711
F170I,-4.546236257
F170H,-0.652969352
F170M,-1.664348927
F170L,-4.343558712
F170N,-1.774149522
F170S,-4.013988439
F170R,-5.131073038
F170T,-3.666540548
F170W,-0.42496457
F170V,-4.607765056
F170Y,-0.074823759
V171A,-0.191787759
V171C,-0.33139865
V171E,-4.120231479
V171D,-4.936256861
V171G,-1.332426883
V171F,-3.493873358
V171I,-0.291544707
V171M,-1.631169809
V171L,-1.120358916
V171N,-4.113999525
V171P,-3.737278957
V171S,-1.322199417
V171T,-0.582648409
V171Y,-5.022851637
H172A,-1.84879402
H172C,-1.9587213
H172E,-3.458647696
H172D,-2.452075042
H172G,-2.365538292
H172F,-3.357270676
H172I,-4.181113721
H172K,-2.043610197
H172L,-1.837684274
H172N,-1.743490603
H172Q,-0.448693646
H172P,-5.295837848
H172S,-2.010113285
H172R,-2.740999186
H172T,-3.923315963
H172V,-4.353950318
H172Y,-2.942534005
F173A,-4.70657521
F173C,-2.299391093
F173D,-5.628572698
F173G,-6.721682102
F173I,-1.586434643
F173H,-2.681040118
F173M,-0.869435723
F173L,-0.435338017
F173N,-5.698962026
F173P,-6.147946857
F173S,-4.694806396
F173R,-4.682511505
F173T,-5.365538292
F173W,-1.677559549
F173V,-2.71006592
F173Y,-0.046555278
E174A,-0.020056257
E174D,-0.131301097
E174G,-0.015789004
E174I,-0.09584732
E174H,-0.177077339
E174K,0.075464461
E174L,-0.204967902
E174N,0.113410971
E174Q,0.011085639
E174P,-0.690431168
E174S,-0.156084926
E174R,-0.208913426
E174T,0.031351861
E174V,-0.072371259
E174Y,-0.093412181
E175A,0.007586777
E175D,0.016472738
E175G,-0.183666178
E175I,-0.120599936
E175H,-0.007986287
E175K,0.055180465
E175L,-0.205004341
E175N,-0.020753583
E175Q,0.040257603
E175P,-0.245106193
E175S,-0.050729609
E175R,0.022950138
E175T,-0.30073191
E175V,0.03802699
E175Y,-0.099802451
E176A,-0.155295055
E176D,-0.112486154
E176G,-0.148524188
E176F,-1.252484794
E176I,-0.259561823
E176H,-0.478827488
E176K,-0.140842788
E176L,-0.074745842
E176N,-0.094185293
E176Q,-0.189619249
E176P,-0.016398563
E176S,-0.364350406
E176R,0.004057408
E176T,-0.104647413
E176V,-0.046324374
E176Y,-0.536452855
G177A,0.06444977
G177C,-0.062419691
G177E,-0.050441599
G177D,0.022053899
G177F,0.171304027
G177I,0.192393812
G177H,-0.041240939
G177L,-0.250620445
G177N,-0.071506117
G177P,-0.189403308
G177S,-0.074916466
G177R,-0.05839349
G177T,-0.220359512
G177W,-0.130470587
G177V,0.056581446
G177Y,-0.213078195
A178C,-0.033483801
A178E,-0.133884203
A178D,-0.010123476
A178G,-0.072454204
A178F,-0.019455736
A178I,0.175441883
A178H,0.086652591
A178L,-0.160175923
A178N,-0.272784555
A178Q,-0.324301955
A178P,-0.11272565
A178S,0.023478523
A178R,-0.152134269
A178T,-0.0248145
A178V,0.034905359
A178Y,-0.079004895
A179C,-0.582533351
A179E,-1.042960147
A179D,-0.763416281
A179G,-0.06620518
A179F,-0.118449011
A179I,-1.298537374
A179H,-0.799718616
A179L,-0.659213866
A179N,-2.160768625
A179P,-1.442178679
A179S,-0.051733693
A179R,-0.622423217
A179T,-0.660984305
A179V,-0.679420135
A179Y,-0.497740168
K180A,-0.275799562
K180E,-0.002503266
K180D,-0.150322839
K180G,-0.161716808
K180I,-0.047751694
K180H,-0.196099334
K180M,-0.086005597
K180L,-0.051752899
K180N,-0.075590636
K180Q,0.018024203
K180P,-0.647942264
K180S,-0.118534478
K180R,0.002689962
K180T,-0.015985207
K180W,0.029002375
K180V,-0.011199571
K180Y,-0.150248212
E181A,-0.204524868
E181D,0.036890648
E181G,-0.20276672
E181F,-1.249755001
E181I,-0.375181518
E181H,-0.174966714
E181K,-0.325348792
E181L,-0.081471078
E181N,-0.169101949
E181Q,-0.150219328
E181P,-0.691833519
E181S,-0.371180935
E181R,-0.694848904
E181T,-0.09711199
E181V,-0.183053005
E181Y,-0.133595531
A182C,-0.226422497
A182E,-3.499440992
A182D,-3.738207286
A182G,-0.520414961
A182F,-1.564752929
A182I,-0.281463861
A182H,-5.379974529
A182L,-0.370622353
A182N,-4.155187593
A182P,-3.448982977
A182S,-0.124142478
A182R,-3.90456149
A182T,-0.126199697
A182V,0.014607803
A182Y,-3.66382781
I183A,-0.187549606
I183C,0.03683118
I183D,-1.761344316
I183G,-0.534419814
I183F,-0.384131535
I183H,-0.073693474
I183K,0.011785158
I183M,-0.049308565
I183L,-0.116193214
I183N,-0.479159726
I183Q,-0.01010459
I183P,-2.942702129
I183S,-0.405060266
I183R,-0.097998881
I183T,-0.072474623
I183V,0.035080969
I183Y,-0.315525697
D184A,-0.119899715
D184C,-0.200585774
D184E,0.089989744
D184G,-0.173061457
D184F,-0.192713341
D184I,-0.313885339
D184H,-0.161636807
D184K,-0.261986486
D184L,0.237306425
D184N,-0.201197307
D184Q,0.050065971
D184P,-0.571193133
D184S,-0.160879823
D184R,0.237243567
D184T,-0.179197517
D184V,-0.159511612
D184Y,-0.13829916
A185C,-0.020604646
A185E,-0.009806747
A185D,-0.280195267
A185G,-0.289557524
A185F,-0.399192651
A185I,0.153875951
A185H,-1.01483171
A185L,-0.211826367
A185N,-0.083682325
A185P,-3.681527648
A185S,-0.089317094
A185R,-0.834105075
A185T,0.040292596
A185V,-0.058822147
A185Y,-0.394320913
L186A,-0.632137775
L186C,-0.123615068
L186E,-1.348178516
L186G,-1.060766402
L186F,-0.760953959
L186I,0.130690944
L186K,-0.713602039
L186M,-0.530849798
L186Q,-1.281463861
L186P,-2.171866334
L186S,-0.475797943
L186R,-0.714764775
L186T,-0.407905248
L186W,-0.791834723
L186V,0.059630849
L186Y,-0.985262591
N187A,0.493847698
N187C,-0.03770165
N187E,-0.047555853
N187D,-0.055093872
N187G,-0.060864721
N187F,-0.114015934
N187I,-0.377309661
N187H,-0.010661014
N187K,0.049358017
N187M,0.2287377
N187L,-0.046223535
N187Q,0.001424878
N187P,-1.106318688
N187S,0.0559019
N187R,0.039018406
N187T,0.057356827
N187V,-0.302494429
N187Y,-0.065113638
G188A,-0.274015726
G188C,-0.303244589
G188E,-0.075303976
G188D,-0.371157706
G188F,-0.799312166
G188I,-2.944362499
G188H,-0.21128743
G188L,-0.75576445
G188N,-0.269810364
G188P,-2.379176799
G188S,-0.092916941
G188R,0.355547063
G188T,-0.211901306
G188W,-1.525389444
G188V,-1.504914226
G188Y,-0.88802487
M189A,-0.361503359
M189E,-0.481541696
M189G,-0.318992229
M189F,-0.197611382
M189I,-0.115186013
M189K,-0.393474091
M189L,0.060788981
M189N,-0.320940096
M189Q,-0.166882926
M189P,-1.884201063
M189S,-0.696256649
M189R,-0.520942995
M189T,-0.356768126
M189W,-0.216956161
M189V,-0.088553349
L190A,0.123851209
L190E,-0.012229639
L190G,-0.440656395
L190F,0.029280346
L190I,-0.007064136
L190H,-0.137051968
L190K,-0.324773655
L190M,-0.022544201
L190Q,-0.103469444
L190P,-0.067181433
L190S,-0.336221669
L190R,-0.100763362
L190T,0.19385766
L190W,-0.349597435
L190V,0.031302394
L191A,-0.229351828
L191C,0.031126369
L191E,-0.328606844
L191G,-0.789890855
L191F,0.031202762
L191I,0.208201888
L191H,-0.777832438
L191K,-0.634595455
L191M,0.033256982
L191Q,-0.641228777
L191P,-0.940973315
L191S,-0.123753062
L191R,-0.276985756
L191T,-0.304571587
L191W,-0.628482681
L191V,0.04286169
L191Y,-0.265676246
N192A,-0.015661504
N192C,0.04031156
N192E,0.297727199
N192D,-0.006344018
N192G,-0.118869356
N192F,-0.355705514
N192I,-0.093072398
N192H,-0.374489708
N192K,-0.112031046
N192M,-0.506883975
N192L,-0.315140402
N192Q,-0.01632525
N192P,-2.580400313
N192S,-0.0468934
N192R,-0.207329237
N192T,0.005533751
N192W,-0.859626529
N192V,0.177967758
N192Y,-0.530348749
G193A,-0.00855283
G193C,-0.099702843
G193E,-0.35445238
G193D,0.031580331
G193F,-0.295963431
G193I,-1.156784377
G193H,0.271077162
G193L,-0.046006961
G193N,0.019130624
G193P,-2.297206597
G193S,0.067804035
G193R,-0.003674409
G193T,-0.34035755
G193W,-0.631875065
G193V,-0.630931829
G193Y,-0.650617842
Q194A,0.125716558
Q194C,1.520436631
Q194E,0.108875756
Q194D,0.02888701
Q194G,0.025964664
Q194I,-0.088131949
Q194H,0.14594199
Q194K,0.068906835
Q194L,0.095183366
Q194N,0.228050557
Q194P,-1.366425111
Q194S,0.206052002
Q194R,0.173855196
Q194T,0.095990456
Q194V,-0.038721711
Q194Y,0.023409178
E195A,-0.054335756
E195D,-0.019102666
E195G,-0.026038026
E195F,-0.445129872
E195I,-0.002325733
E195H,0.102522892
E195K,0.100975658
E195L,-0.11714074
E195N,-0.025115243
E195Q,-0.034461582
E195P,-0.166454975
E195S,0.075702291
E195R,-0.060253855
E195T,0.236101024
E195V,-0.089728473
E195Y,-0.072908135
I196A,-0.249645153
I196C,-0.277126789
I196D,-3.346306816
I196G,-4.795012028
I196F,-0.297232395
I196H,-2.714125836
I196K,-4.683119148
I196M,0.071503115
I196L,0.145783054
I196N,-3.506473056
I196P,-1.893982084
I196S,-1.843381562
I196R,-3.832088637
I196T,-0.268595016
I196V,0.070380612
I196Y,-1.696256649
Y197A,-0.253114013
Y197C,-0.575689587
Y197E,-2.705206769
Y197D,-1.954002748
Y197G,-0.93750946
Y197F,-0.157238332
Y197I,-0.33897632
Y197H,-0.566455409
Y197K,-0.477159544
Y197L,-0.666493634
Y197N,-0.932860065
Y197Q,-0.705310281
Y197P,-4.628927048
Y197S,-0.9217816
Y197R,-0.286612408
Y197T,-0.744864382
Y197W,-1.049255913
Y197V,-0.500970891
V198A,0.118719051
V198C,-0.108374634
V198D,-1.674860338
V198G,-1.54753192
V198F,-2.302269924
V198I,0.227090987
V198H,-4.293707457
V198M,-0.267342753
V198L,0.062061869
V198P,-3.673781284
V198S,-0.769337106
V198R,-3.4538156
V198T,-0.333784896
A199C,0.216629378
A199E,-1.766397543
A199D,-2.089300665
A199G,0.137161041
A199F,-2.188354456
A199H,-0.071810551
A199L,-1.10478974
A199P,-3.853275666
A199S,-0.285213573
A199T,-0.282350822
A199V,-0.205861511
P200A,0.031607867
P200D,-1.561812852
P200G,0.421319798
P200F,0.216629378
P200I,0.036611909
P200H,0.043822061
P200L,-0.014024276
P200N,0.074040315
P200Q,0.464352651
P200S,0.073573052
P200R,0.18135494
P200T,0.007549749
P200V,-0.03454912
