mutant,score,prediction
T2A,-0.4119,-0.35493204
T2C,0.5552,-0.32109204
T2D,0.1982,-0.28296578
T2E,-0.3665,-0.33483595
T2F,0.2459,-0.36182708
T2G,-1.3638,-0.20743437
T2H,0.2427,-0.29062286
T2I,0.9052,-0.3701872
T2K,0.2007,-0.24744657
T2M,-1.224,-0.3847991
T2N,0.5507,-0.25696594
T2P,-0.7959,-0.25557882
T2Q,0.3399,-0.27040368
T2R,-0.4369,-0.2965192
T2S,-0.6399,-0.2638356
T2V,-0.9905,-0.39721394
T2W,-0.514,-0.39530125
T2Y,0.4173,-0.28333098
E3A,0.3084,-0.3404944
E3C,0.3629,-0.27575195
E3D,-0.5814,-0.27709424
E3F,-0.2931,-0.45948115
E3G,-0.1498,-0.26292455
E3H,-0.8617,-0.3381179
E3I,-1.1785,-0.4024862
E3K,-0.4245,-0.22785747
E3L,-0.827,-0.36358318
E3M,-0.6793,-0.41300848
E3N,-0.9779,-0.27031928
E3P,-0.4263,-0.1553105
E3Q,0.5651,-0.2551747
E3R,-0.5733,-0.26818678
E3S,-0.2778,-0.27517772
E3T,0.2223,-0.29272804
E3V,-0.792,-0.34727728
E3W,-0.2477,-0.4978371
E3Y,-0.5542,-0.42533374
Y4C,-0.2787,-0.22173089
Y4D,0.5765,0.0152366515
Y4F,0.3611,-0.19620155
Y4G,0.5673,-0.041413642
Y4H,0.6455,-0.12848167
Y4I,0.3133,-0.08440807
Y4K,-0.2119,-0.02608783
Y4L,1.5479,-0.059986897
Y4M,-0.441,-0.12946668
Y4N,0.4457,-0.030065114
Y4P,1.3148,-0.14381316
Y4S,1.0617,-0.1134864
Y4T,0.1167,-0.14675033
Y4V,-1.1278,-0.15119112
Y4W,1.7315,-0.20127681
K5C,-0.4723,-0.22993885
K5E,-0.2588,-0.23140581
K5F,-0.3096,-0.29525024
K5G,-0.5467,-0.22808774
K5H,0.1363,-0.219568
K5I,-0.5053,-0.4003962
K5L,-0.6899,-0.29932034
K5M,-0.6312,-0.244712
K5N,0.2792,-0.23535697
K5P,0.4538,-0.14268273
K5Q,0.5319,-0.3408708
K5R,-0.2218,-0.20387949
K5S,-0.4137,-0.29711545
K5T,0.9073,-0.34666842
K5V,-0.1411,-0.38052267
K5W,-0.1131,-0.2501728
K5Y,0.7434,-0.25222117
L6A,0.5877,-0.14014426
L6D,0.3309,-0.2307083
L6E,0.1398,-0.37688294
L6F,-0.3633,-0.26998055
L6G,0.4908,-0.2010788
L6H,0.6603,-0.28364986
L6I,0.2982,-0.3639778
L6K,-0.1692,-0.3508051
L6L,0.3679,-0.28354663
L6M,-0.5824,-0.33402437
L6N,1.0182,-0.35834903
L6P,1.1713,-0.2392134
L6Q,-0.1288,-0.30779785
L6R,-0.4783,-0.3966094
L6T,-0.3332,-0.2860676
L6V,-0.9625,-0.3849736
L6W,0.394,-0.19121805
V7A,-0.5695,-0.37572116
V7C,-0.3457,-0.11690711
V7E,0.4608,-0.27502862
V7F,-0.2705,-0.20505603
V7G,0.7539,-0.07184108
V7H,-0.8984,-0.24663171
V7I,0.1289,-0.28699115
V7K,-0.8446,-0.35671836
V7L,-0.3946,-0.25937742
V7M,-0.2848,-0.14175518
V7N,-0.8327,-0.2488562
V7P,-0.2728,-0.13278952
V7Q,0.9698,-0.3770035
V7R,-0.9301,-0.33955634
V7S,0.1811,-0.25233632
V7T,0.7129,-0.25767434
V7Y,-0.8216,-0.4572719
V8A,0.8647,0.7654717
V8C,0.4356,0.5761862
V8E,2.3958,1.1122624
V8F,2.8196,0.43477377
V8G,0.7016,0.81898934
V8H,5.3025,1.3225539
V8I,0.565,-0.13252753
V8K,5.4922,1.3105972
V8L,3.0877,-0.011925736
V8M,1.6302,0.7443932
V8N,2.3966,1.5086474
V8P,1.3574,1.512973
V8Q,3.5362,1.3034254
V8R,0.2357,1.3101242
V8S,3.1622,1.249953
V8T,3.6139,1.1460625
V8W,5.0035,1.218007
V8Y,5.429,0.8237543
V9A,-0.3492,0.29273736
V9C,0.4124,0.2589016
V9D,0.6965,0.6483501
V9E,0.7875,0.55589116
V9F,1.0001,0.31267416
V9G,1.0974,0.6702261
V9H,3.1191,0.7914053
V9K,3.5134,0.96906364
V9L,-0.5589,0.19548805
V9M,0.8714,0.5651395
V9P,-0.354,0.23602046
V9Q,2.4162,0.8765668
V9R,3.0292,0.9345645
V9S,-0.3204,0.35552737
V9T,0.5043,0.08854658
V9W,4.5624,0.6537036
V9Y,2.236,0.55025744
G10A,0.1469,-0.36536944
G10C,-0.2423,-0.39428553
G10D,-0.608,-0.28594357
G10F,-0.4892,-0.6279024
G10H,-0.4198,-0.15580863
G10I,-1.61,-0.82044625
G10K,1.1807,-0.11081485
G10L,-0.2686,-0.6305443
G10M,-1.27,-0.6854012
G10N,0.4859,0.011345243
G10P,-1.2131,-0.40074
G10Q,-0.2837,-0.21205026
G10R,0.901,0.016874706
G10S,0.5499,-0.13869219
G10T,-0.179,-0.21788047
G10V,-0.4974,-0.69620895
G10W,-0.3961,-0.49258047
G10Y,0.4302,-0.22061281
A11C,-0.8076,-0.737755
A11D,1.1223,-0.32055545
A11E,0.137,0.0434917
A11F,0.2164,-0.24852316
A11G,-1.0248,0.07551212
A11H,-0.7209,-0.24520423
A11I,-1.9884,-0.5321626
A11K,2.6205,0.6325038
A11L,0.9365,-0.1217164
A11M,-1.1677,-0.5348019
A11N,0.9977,-0.12500817
A11P,-0.6535,-0.15716745
A11Q,0.263,-0.023432875
A11R,1.5493,0.56895924
A11S,-1.8942,-0.5327181
A11T,0.7982,-0.57418627
A11V,-0.7668,-0.692526
A11W,0.561,-0.03486442
A11Y,-0.3864,-0.3440514
C12A,1.8773,1.7821615
C12D,4.7892,1.8580518
C12E,4.1641,2.395888
C12G,-0.2986,0.8482951
C12H,5.7773,2.1119435
C12I,6.3523,1.8697933
C12K,6.0794,2.4231226
C12L,6.1689,2.1751204
C12M,5.6234,2.1070883
C12N,4.6078,1.5999532
C12P,-0.4569,0.6459448
C12Q,6.3316,2.2500572
C12R,6.0608,2.8135636
C12S,1.0203,1.2557101
C12T,2.7996,1.4705225
C12V,3.6974,1.4439105
C12W,4.6499,2.0320947
C12Y,4.7776,1.9266332
G13A,-0.8517,-0.078646116
G13C,-0.6718,-0.26478344
G13D,4.6539,-0.017515058
G13E,2.4026,0.24355853
G13F,0.9473,-0.098213695
G13H,1.4446,-0.1610787
G13I,-0.3584,-0.09713992
G13K,2.1308,0.07653264
G13L,1.2866,0.22726268
G13M,-0.8837,-0.24326505
G13N,0.1057,0.037539132
G13P,6.2371,1.17623
G13Q,0.7185,-0.046250097
G13R,-0.3964,-0.04854607
G13S,-0.1251,-0.09061318
G13T,-0.1742,-0.055363886
G13V,0.5431,0.026809579
G13Y,0.7503,-0.06983837
V14A,-0.1519,-0.07674233
V14C,-0.3656,-0.24847919
V14D,0.5321,0.015904298
V14E,-0.1495,-0.07302781
V14F,-0.1466,-0.18351619
V14H,4.8868,0.09601209
V14I,1.4364,-0.24911267
V14K,-0.6077,-0.16627666
V14L,2.093,-0.30062354
V14M,-1.7552,-0.14311787
V14P,2.8771,0.43467993
V14Q,-0.9835,-0.09412079
V14R,1.2074,0.08116717
V14S,-1.5341,-0.33375162
V14T,0.2254,-0.19646847
V14W,0.3684,-0.15675658
V14Y,-0.8987,-0.35238028
G15A,-1.9674,-0.61650336
G15D,-1.3658,-0.58027244
G15E,-0.8899,-0.76782656
G15F,-0.8235,-0.6985917
G15H,-0.1522,-0.50190926
G15I,-1.0589,-0.641051
G15K,-0.553,-0.49475965
G15L,0.3527,-0.636689
G15M,0.1195,-0.4820605
G15N,-0.5903,-0.65478384
G15P,-0.6194,-0.6699438
G15Q,-0.3977,-0.6264466
G15R,-0.5031,-0.6617857
G15S,-0.329,-0.60330814
G15T,-0.5999,-0.52641714
G15V,-0.4882,-0.57062227
G15W,-0.8137,-0.8378407
G15Y,-0.8115,-0.6298938
K16A,0.8143,0.07877306
K16C,4.5551,0.5556392
K16D,-0.9275,0.12585661
K16E,-0.7793,-0.26913878
K16F,-1.0302,-0.47886747
K16G,0.4011,0.12752363
K16I,-1.2583,-0.5789907
K16L,0.2516,-0.42330736
K16M,0.3342,-0.04461237
K16N,-0.2957,0.25153458
K16P,0.5745,0.6174409
K16Q,-0.6601,-0.2054506
K16S,6.1008,0.36806178
K16T,3.6491,0.21601135
K16V,-1.5809,-0.2902302
K16W,-0.4891,-0.4063366
K16Y,-0.2839,-0.26692826
S17D,-1.1864,-0.61072063
S17F,-0.3192,-0.6513309
S17G,-1.0806,-0.36733833
S17K,-2.1589,-0.5716902
S17L,-0.5716,-0.9132788
S17N,-0.6937,-0.35709476
S17P,-1.0189,-0.6676084
S17Q,-0.6777,-0.6084515
S17R,-1.7607,-0.61517656
S17S,-0.5326,-0.28354663
S17V,-0.684,-0.67698824
S17W,0.5261,-0.50722194
A18C,-0.7504,-0.81043935
A18D,0.4263,-0.7623119
A18E,-2.8179,-0.9861834
A18F,-0.4351,-0.8201976
A18G,0.7206,-0.3438006
A18H,-0.3367,-0.67652285
A18K,-1.1764,-0.7085129
A18L,-0.7921,-0.7696421
A18M,-1.1225,-0.71917534
A18N,-0.4241,-0.6770743
A18P,-2.3756,-0.9735184
A18Q,1.0431,-0.6524917
A18R,-1.462,-0.8411713
A18S,-0.5922,-0.47420242
A18T,-0.1773,-0.49955928
A18V,-0.4664,-0.61809736
A18W,-0.4577,-0.96752435
A18Y,-1.7857,-0.86748594
L19A,0.9415,-0.27469346
L19C,-1.3286,-0.5998543
L19D,-0.7261,-0.712389
L19E,-0.2494,-0.5282569
L19F,0.8946,-0.22386464
L19G,-1.2979,-0.8258997
L19H,-1.1448,-0.5119511
L19I,0.8425,-0.19398618
L19K,-0.6356,-0.54608446
L19L,-0.4597,-0.28354663
L19M,0.3673,-0.2918627
L19N,-1.2184,-0.9302567
L19P,-0.6925,-0.5019067
L19R,-0.7132,-0.5892958
L19S,0.3439,-0.6558536
L19T,-0.7149,-0.6430769
L19V,-0.8841,-0.28669745
L19W,1.0054,-0.20242344
T20A,-0.4334,-0.30570796
T20C,-0.6033,-0.60309076
T20D,3.2472,-0.05114732
T20E,0.8196,-0.08109478
T20G,0.3957,-0.09957915
T20H,0.2045,-0.45097703
T20I,-0.3068,-0.75448304
T20L,-0.4692,-0.5364461
T20N,1.0428,-0.07996317
T20P,0.4972,-0.19275936
T20Q,0.7929,-0.39662302
T20R,-1.9773,-0.59397817
T20S,0.1936,-0.08875521
T20W,-0.8211,-0.79179186
T20Y,-2.41,-0.71478206
I21D,-0.2306,-0.63514584
I21E,-0.3433,-0.50623906
I21F,1.0381,-0.3488873
I21G,-0.4278,-0.7832361
I21K,0.1563,-0.45801684
I21L,-1.4095,-0.41660506
I21M,0.9517,-0.31447867
I21N,1.2459,-0.39925173
I21P,-0.9993,-0.53987485
I21Q,-1.5143,-0.4980419
I21S,-0.9347,-0.5732824
I21T,-0.8051,-0.7000158
I21V,-0.7287,-0.44464627
I21W,0.612,-0.46440956
I21Y,-1.8214,-0.5686042
Q22C,-0.5883,-0.6707196
Q22D,0.3899,-0.37389737
Q22E,-0.718,-0.3558133
Q22F,-0.3573,-0.50881255
Q22G,-1.3895,-0.5407673
Q22H,0.3509,-0.34601977
Q22I,0.1865,-0.43297884
Q22K,-0.8064,-0.6127567
Q22M,-0.6811,-0.2831009
Q22N,-1.5964,-0.55778456
Q22P,-0.1258,-0.5097952
Q22R,-1.2651,-0.6335015
Q22S,-0.8295,-0.5379926
Q22T,0.6824,-0.33017474
Q22V,-0.3016,-0.476674
Q22W,-1.572,-0.48546496
Q22Y,-1.1279,-0.5391948
L23A,-0.8663,-0.46175388
L23C,-0.9883,-0.40931213
L23D,-0.9149,-0.35219398
L23E,-0.6002,-0.34892598
L23F,-0.2056,-0.4262974
L23G,-1.0314,-0.59911895
L23H,0.2534,-0.33079356
L23I,-0.5412,-0.46455476
L23K,-0.276,-0.34746185
L23L,-1.3552,-0.28354663
L23N,0.4997,-0.27490836
L23P,-0.5862,-0.6208117
L23Q,0.146,-0.28205365
L23R,0.7534,-0.20660079
L23S,-0.6828,-0.38265556
L23V,-0.4488,-0.46923184
L23W,-0.1238,-0.46733788
L23Y,0.2017,-0.31712902
I24C,0.1538,-0.4824568
I24D,-0.117,-0.24308926
I24E,-0.2583,-0.2861646
I24F,0.3015,-0.29109034
I24H,0.9833,-0.09230595
I24K,-0.5478,-0.4040875
I24L,0.578,-0.23847902
I24N,-0.4302,-0.30934256
I24P,0.2644,-0.34867394
I24Q,-0.6945,-0.40371662
I24R,-0.658,-0.31653064
I24S,-0.6311,-0.43140107
I24T,-0.5569,-0.42044505
I24V,-1.5695,-0.44572142
I24W,1.1706,-0.16726896
I24Y,0.9741,-0.1467569
Q25D,-0.2031,-0.39326158
Q25F,0.8385,-0.2635997
Q25H,0.5218,-0.24823675
Q25I,0.9242,-0.28183737
Q25K,0.1342,-0.40420964
Q25L,-0.2199,-0.34399077
Q25M,-0.3851,-0.37227544
Q25N,-0.139,-0.28579256
Q25P,-1.1391,-0.598817
Q25R,-0.6886,-0.4604
Q25S,1.7874,-0.16544081
Q25T,-0.5953,-0.30640668
Q25V,-0.5219,-0.31493533
Q25W,0.159,-0.40013498
Q25Y,0.6639,-0.19525592
N26A,-0.4966,-0.14898543
N26C,-0.5996,-0.37023944
N26E,-0.3558,-0.19534965
N26F,0.2117,-0.17750895
N26G,-1.1713,-0.8122169
N26H,0.2135,-0.24198742
N26I,-0.7656,-0.27646244
N26K,0.3857,-0.29723582
N26L,-0.6677,-0.22225943
N26M,0.7769,-0.031559415
N26P,-1.0642,-0.6445632
N26Q,-0.1406,-0.2606613
N26R,0.1438,-0.3288566
N26S,-0.1671,-0.37855783
N26T,-0.8938,-0.2500773
N26V,-0.3014,-0.22138178
N26W,0.3729,-0.160723
N26Y,1.3298,-0.09781686
H27A,-1.5279,-0.7062181
H27C,-0.8985,-0.7754182
H27D,-0.9001,-0.5922041
H27E,-1.112,-0.6525273
H27F,-0.2787,-0.61321187
H27G,-0.5637,-0.6773902
H27I,-0.6405,-0.624645
H27K,-0.2566,-0.35322094
H27L,-0.6123,-0.7431135
H27M,-0.4141,-0.49874446
H27N,-0.141,-0.56677717
H27P,-1.2466,-0.86948204
H27Q,0.1977,-0.50201094
H27R,-0.5254,-0.6028446
H27S,-0.6235,-0.6539012
H27T,-0.3836,-0.72056913
H27V,-1.0948,-0.7582376
H27W,0.4617,-0.57443565
H27Y,-0.4955,-0.6179757
F28A,-0.9252,-0.7630571
F28C,-1.0896,-0.8129599
F28D,-0.4559,-0.74705684
F28E,-1.1585,-0.63984966
F28G,-0.2577,-0.69279796
F28H,-0.8372,-0.7636932
F28I,-0.7261,-0.45874405
F28K,-1.76,-0.7246728
F28L,-1.1624,-0.45171
F28M,-0.369,-0.5797563
F28N,-0.7183,-0.738279
F28Q,-1.1461,-0.74186796
F28R,0.4429,-0.79709125
F28S,-0.7099,-0.76962423
F28T,-1.5736,-0.7645579
F28V,-0.3924,-0.707563
F28W,-0.9048,-0.781363
F28Y,-1.316,-0.6770866
V29A,-1.1554,-0.7045408
V29C,-3.0487,-0.8545682
V29D,-0.7666,-0.9210187
V29E,-0.4884,-0.84139204
V29F,-0.9062,-0.5777118
V29H,-0.1537,-0.5902013
V29I,-1.519,-0.47442085
V29K,-1.0754,-0.7309862
V29M,-0.6047,-0.7588856
V29P,-0.7586,-0.8574559
V29Q,-0.186,-0.85252035
V29R,-1.0231,-0.7137634
V29S,-0.8099,-0.8291396
V29T,-0.615,-0.69191414
V29W,-1.3346,-0.66141367
V29Y,-1.2433,-0.7792703
D30A,-1.1708,-0.9176884
D30C,-0.778,-0.72557104
D30E,-0.1046,-0.46496138
D30F,-2.1829,-0.55863225
D30G,-0.8296,-0.9144561
D30H,-0.3757,-0.60663354
D30K,-0.9749,-0.7928043
D30L,-0.5464,-0.6928432
D30M,1.2182,-0.41695148
D30N,-1.9113,-0.67998534
D30P,0.1292,-0.6109961
D30S,-0.9395,-0.81345546
D30T,-1.8342,-0.66533905
D30V,-0.425,-0.5726354
D30W,-1.5923,-0.7194246
D30Y,-0.5675,-0.66137046
E31A,-1.2335,-1.018358
E31C,-0.1596,-0.8326257
E31D,-0.1933,-0.52173185
E31F,-1.2042,-0.87762356
E31G,-0.6796,-1.1469133
E31H,-0.8914,-0.6937911
E31I,-0.3165,-0.9556607
E31K,-0.4673,-0.92163324
E31L,-2.0044,-1.1289719
E31M,0.3248,-0.63745064
E31N,-0.2904,-0.68368983
E31P,-1.6714,-1.2497482
E31Q,-0.1504,-0.66271806
E31R,-1.5261,-0.7668467
E31S,-1.9191,-0.92060244
E31T,-1.1333,-0.9372975
E31V,-0.8838,-0.9734733
E31W,-0.5489,-0.6438875
E31Y,-0.1765,-0.8157394
Y32A,-0.1536,-0.67447895
Y32C,0.182,-0.51963115
Y32D,-0.769,-0.6264306
Y32E,0.4468,-0.5048307
Y32F,-0.6434,-0.40926588
Y32G,-1.151,-1.0527555
Y32H,-0.9668,-0.547616
Y32I,-0.1536,-0.55013824
Y32K,-0.9826,-0.6865102
Y32L,-0.7161,-0.5848789
Y32N,-0.5672,-0.71009403
Y32P,-0.9056,-0.86702436
Y32Q,-0.9171,-0.58026797
Y32S,-1.0706,-0.65814865
Y32T,-0.4863,-0.5485922
Y32V,-0.2546,-0.5569501
D33A,-1.3478,-0.6490711
D33C,-1.7246,-0.90690565
D33E,0.1547,-0.80762506
D33F,-0.9071,-0.79341507
D33G,-1.0643,-0.56483006
D33H,-0.5055,-0.62925243
D33I,-0.864,-0.6736199
D33K,-0.5651,-0.6873938
D33L,-1.418,-0.8075034
D33M,-0.3928,-0.87296534
D33N,0.3987,-0.51606125
D33P,-1.7564,-0.6089416
D33Q,-0.2568,-0.57780993
D33R,-1.2589,-0.7982627
D33S,-0.8457,-0.5596379
D33T,-0.5567,-0.60191524
D33V,0.6493,-0.62025636
D33W,-0.2135,-0.81569415
D33Y,0.1078,-0.6847373
P34A,-1.1893,-1.2349565
P34C,-1.8434,-1.2682226
P34D,-0.578,-0.8853761
P34E,-0.8266,-1.0603182
P34F,-0.7267,-1.107811
P34G,-1.3537,-0.94842994
P34H,-4.4816,-1.4576873
P34I,-1.4519,-0.9601718
P34K,-2.7118,-1.3068748
P34L,-0.6645,-1.1139572
P34M,-2.0615,-1.0218847
P34N,0.494,-0.8627054
P34Q,-0.4311,-0.9334431
P34R,-0.9261,-1.1777725
P34T,-1.4833,-0.87680376
P34W,-0.7618,-1.0669684
P34Y,-0.5593,-0.97323716
T35A,-0.7376,-0.524498
T35C,-0.8704,-0.8552111
T35D,-1.4002,-0.64154947
T35E,-0.9186,-0.62047446
T35F,-1.6593,-0.5957623
T35G,-0.1798,-0.60410774
T35H,1.1307,-0.39963314
T35I,-1.2707,-0.49976373
T35K,-1.2811,-0.6997567
T35L,0.1046,-0.3996027
T35M,-0.5603,-0.5201708
T35N,-0.2915,-0.6081065
T35P,-1.2571,-0.7232877
T35Q,-0.929,-0.46143433
T35R,-1.0537,-0.59361243
T35S,-0.3168,-0.47350526
T35V,-0.8788,-0.5503652
T35W,-0.3786,-0.6099596
T35Y,-1.0486,-0.6298676
I36A,-1.1345,-0.56369716
I36C,-0.1764,-0.6182904
I36E,0.222,-0.73538387
I36F,-0.9602,-0.4813609
I36G,-0.8161,-0.46291938
I36H,0.1758,-0.47397357
I36K,-0.8455,-0.6912917
I36L,-1.6407,-0.60667664
I36M,-0.5487,-0.46647078
I36N,-0.1533,-0.65334904
I36P,-0.6867,-0.57620966
I36Q,-0.6208,-0.58616275
I36R,0.4368,-0.62201875
I36S,-1.3924,-0.6090637
I36V,-0.37,-0.403175
I36W,-0.5237,-0.5937243
I36Y,-0.4855,-0.50275886
E37A,1.5409,0.0747214
E37C,1.2395,0.050285675
E37D,0.5058,-0.35217136
E37F,0.6469,0.18053183
E37G,-0.4656,-0.31163278
E37H,0.5045,-0.05484747
E37I,0.6323,0.24164826
E37K,1.1416,-0.2649121
E37L,2.4315,0.25557172
E37M,1.207,0.11375234
E37Q,-0.7107,-0.2640392
E37R,1.142,-0.46225786
E37S,-0.2601,-0.36136353
E37T,-0.288,-0.15962756
E37V,0.3475,0.22618598
E37W,-0.1761,-0.15967385
E37Y,-0.1259,-0.18461287
D38A,-0.2183,-0.6489942
D38C,-0.4466,-0.6375586
D38F,-1.7545,-1.1291566
D38G,-1.7053,-0.6166637
D38H,-0.7722,-0.9309478
D38I,-0.8582,-0.75654227
D38K,-0.3341,-0.6739731
D38L,-0.5383,-0.898947
D38M,-1.4891,-1.0281874
D38N,-1.6096,-0.6556281
D38P,-1.2995,-0.6204569
D38Q,-0.9122,-0.77552426
D38R,-0.4855,-0.83544064
D38S,-0.3727,-0.4223254
D38T,0.1092,-0.384457
D38W,-0.9729,-1.0759915
D38Y,-1.4314,-0.82992744
S39A,0.117,-0.67766774
S39C,-1.5496,-1.0770043
S39D,-1.4932,-0.6819848
S39E,-1.0856,-0.99989605
S39F,-2.0685,-1.225466
S39H,-0.9019,-0.8495777
S39I,-1.3003,-1.1003278
S39K,-1.234,-1.0795345
S39L,-0.68,-1.0863898
S39M,-1.3957,-1.3110707
S39N,-1.7088,-0.65528643
S39Q,0.232,-0.8731636
S39R,-3.9815,-1.1472743
S39S,-0.9636,-0.28354663
S39T,0.1339,-0.50562316
S39V,-2.1599,-1.057596
S39W,-1.4732,-1.5389879
S39Y,-2.2531,-1.1666532
Y40A,0.3292,-0.4747386
Y40C,0.1494,-0.5352706
Y40D,-0.8412,-0.6419979
Y40E,0.3434,-0.59260356
Y40F,-0.4619,-0.40676206
Y40G,0.6336,-0.35274416
Y40H,-2.0939,-0.6981711
Y40I,-0.7181,-0.51521873
Y40K,-0.38,-0.723617
Y40L,-0.1202,-0.48768497
Y40M,-1.0255,-0.63118887
Y40N,-0.9279,-0.74102306
Y40P,-0.6848,-0.6829742
Y40Q,-1.6088,-0.7487341
Y40R,-0.3571,-0.6319994
Y40T,0.2135,-0.54447484
R41A,-0.622,-0.1127665
R41C,0.9267,-0.31182796
R41D,-0.7588,-0.24337181
R41F,-0.4135,-0.111007
R41G,0.5315,-0.23641622
R41I,0.4734,-0.0988849
R41K,-0.2482,-0.36648184
R41L,1.6388,-0.07880042
R41M,0.6809,-0.05056887
R41N,-0.2809,-0.3165511
R41P,-0.3331,-0.38197073
R41Q,-0.1933,-0.3457392
R41R,-0.1444,-0.28354663
R41S,0.1325,-0.298387
R41T,-0.668,-0.29941404
R41V,-0.769,-0.10534348
R41W,0.3685,-0.124173574
K42A,0.8112,-0.23243248
K42C,-0.5295,-0.54371834
K42D,0.5804,-0.24474661
K42E,-0.1185,-0.33676514
K42F,0.4359,-0.23874164
K42G,0.7722,-0.28266495
K42H,0.5404,-0.15566733
K42I,0.4307,-0.2719928
K42L,-0.7885,-0.30835864
K42M,0.3838,-0.29178852
K42N,-0.17,-0.2943015
K42P,-0.941,-0.40343195
K42R,0.7338,-0.2337586
K42S,0.4736,-0.25554004
K42T,-0.3318,-0.20287922
K42W,0.5321,-0.27137917
Q43A,-0.8679,-0.47120512
Q43C,-0.6256,-0.64983547
Q43D,-1.2314,-0.57519805
Q43E,0.4705,-0.50345755
Q43F,0.736,-0.33138132
Q43G,-0.1726,-0.59834886
Q43H,0.2429,-0.3415365
Q43I,0.2179,-0.3377601
Q43K,-0.2399,-0.39588434
Q43L,0.193,-0.3143335
Q43M,-1.5782,-0.39399812
Q43N,-0.7765,-0.53375876
Q43R,-1.0121,-0.5596232
Q43S,-0.7308,-0.44359577
Q43T,-0.1903,-0.35299966
Q43V,-0.4044,-0.4393804
Q43W,-0.4772,-0.48330364
V44A,-0.6453,-0.3633521
V44C,-0.2395,-0.48171225
V44D,-0.6331,-0.42272034
V44E,-0.3558,-0.3920625
V44F,-1.3968,-0.41092962
V44G,1.1012,-0.3866102
V44H,-0.5293,-0.49522534
V44I,0.2695,-0.32315463
V44K,-0.173,-0.53087485
V44L,0.462,-0.33682585
V44M,0.1278,-0.43914086
V44N,1.619,-0.38755482
V44P,-0.3655,-0.48943058
V44Q,-0.2887,-0.4833163
V44R,-0.3844,-0.62106276
V44S,0.9402,-0.21261951
V44T,-0.4026,-0.33412865
V44W,-0.3088,-0.7373878
V44Y,-0.3665,-0.45326906
V45A,-0.3932,-0.3016114
V45C,-0.3624,-0.5970402
V45D,-0.206,-0.5165343
V45E,0.1679,-0.41140136
V45F,0.3587,-0.42888796
V45G,-1.9449,-0.8071538
V45H,-0.3119,-0.5057849
V45I,-0.3682,-0.31508547
V45K,0.456,-0.4810784
V45M,-0.5123,-0.31561273
V45N,-0.7829,-0.6440954
V45P,-0.4556,-0.57119334
V45R,-0.2153,-0.537324
V45S,0.1217,-0.46214443
V45T,0.472,-0.43357915
V45W,-0.6017,-0.5863495
V45Y,-1.0079,-0.5657401
I46A,-0.4856,-0.57683897
I46C,-0.2534,-0.7424507
I46F,-0.1434,-0.31205505
I46G,-0.6498,-0.78481823
I46H,-0.4341,-0.6113194
I46K,-0.4487,-0.66120696
I46L,0.8129,-0.3170823
I46M,0.1461,-0.4049409
I46N,0.8369,-0.6381153
I46P,0.6046,-0.65270865
I46Q,-1.0676,-0.6226922
I46R,-0.9072,-0.65925646
I46S,-0.4546,-0.6401099
I46T,-0.3358,-0.52087045
I46V,-0.1313,-0.3398785
I46W,0.1983,-0.57439315
D47C,-1.6151,-0.7992172
D47E,-0.1085,-0.44650954
D47F,-1.2195,-0.55793643
D47G,-0.2651,-0.5737152
D47H,-0.606,-0.5809873
D47I,0.4363,-0.5152614
D47K,-0.2923,-0.6330462
D47L,-0.5095,-0.5537183
D47M,-0.4403,-0.57249546
D47N,0.2063,-0.47313064
D47P,-0.3235,-0.62719357
D47Q,-0.1503,-0.4572928
D47R,-1.1236,-0.6422556
D47S,-0.5436,-0.6060784
D47V,-0.2038,-0.57710254
D47W,-0.293,-0.7091837
D47Y,-0.4792,-0.6143464
G48C,-0.5933,-0.5688294
G48D,-1.905,-0.47724837
G48E,-0.793,-0.44032705
G48F,-1.61,-0.51958394
G48L,-0.3452,-0.40150252
G48M,0.9183,-0.43687493
G48P,0.727,-0.3304983
G48Q,1.0638,-0.32772398
G48R,-0.4773,-0.39809352
G48S,0.4471,-0.292424
G48T,0.8343,-0.29953504
G48V,-0.6381,-0.4426722
G48W,-0.7778,-0.72847885
G48Y,-0.4471,-0.5081527
E49A,-0.5672,-0.44490957
E49D,0.2009,-0.6053136
E49F,-0.4639,-0.6552597
E49G,-0.8108,-0.8203609
E49H,-0.3679,-0.44006667
E49K,-0.663,-0.53802645
E49L,0.2177,-0.4428347
E49M,-1.4158,-0.4834628
E49N,-0.9788,-0.74260974
E49P,-0.6197,-0.7657399
E49Q,-1.7062,-0.47845873
E49R,-0.4138,-0.5817009
E49S,-1.1996,-0.78682315
E49T,0.372,-0.7232553
E49V,0.6359,-0.6285866
E49W,0.281,-0.7027773
E49Y,-0.294,-0.6987266
T50C,-0.9424,-0.6874226
T50D,0.2783,-0.48743576
T50E,-1.1575,-0.7597027
T50F,-0.879,-0.7193718
T50G,-1.5291,-0.653803
T50H,-0.4779,-0.60980105
T50I,-0.446,-0.665498
T50K,-0.2297,-0.6777997
T50L,-0.6597,-0.8155926
T50M,-1.9278,-0.8327147
T50N,0.3362,-0.4922534
T50P,0.9003,-0.2657671
T50Q,-0.1129,-0.5667824
T50R,0.8953,-0.6487291
T50S,-0.4354,-0.5361403
T50V,0.2245,-0.539044
T50W,0.5528,-0.57288885
T50Y,-1.2216,-0.5764115
C51E,1.5417,-0.33075172
C51F,-1.3958,-0.748364
C51G,-0.5336,-0.33514044
C51H,-1.0471,-0.6691072
C51I,-0.1929,-0.62292767
C51L,-0.6983,-0.5850963
C51N,-0.2356,-0.32971975
C51P,-0.147,-0.3364908
C51Q,-0.2998,-0.33977744
C51R,-0.1581,-0.5240724
C51S,0.3897,-0.26251936
C51T,0.8149,-0.23604073
C51V,-0.938,-0.5766777
C51W,-0.2619,-0.7228693
C51Y,-0.8951,-0.63931614
L52A,-0.7911,-0.4319915
L52C,-0.8149,-0.6086618
L52D,-1.6159,-0.59182084
L52E,-0.5762,-0.5932008
L52F,0.3132,-0.43066806
L52G,-0.3654,-0.581249
L52I,-0.1916,-0.41395357
L52L,0.4159,-0.28354663
L52M,0.3995,-0.4372269
L52N,-0.4418,-0.5976077
L52P,0.3394,-0.6721454
L52Q,-0.4485,-0.53533316
L52R,0.2345,-0.4289674
L52S,0.6157,-0.39934632
L52T,-0.6889,-0.49646512
L52V,0.5006,-0.33879933
L52W,-0.6409,-0.73943233
L52Y,-1.0408,-0.5833684
L53A,0.2073,-0.1578874
L53D,-0.5674,-0.22241995
L53F,-0.2886,-0.09302691
L53G,0.8374,0.10685534
L53H,1.2088,-0.01391154
L53I,0.6528,-0.18768433
L53K,0.5709,-0.26874346
L53L,-0.8472,-0.28354663
L53M,0.386,-0.21942751
L53N,2.4177,-0.042786278
L53P,0.802,-0.12322723
L53Q,0.1907,-0.17165557
L53R,-1.137,-0.40241522
L53S,0.7927,0.059641935
L53T,0.9877,0.000903344
L53W,1.1972,-0.08219039
L53Y,0.307,-0.045478247
D54A,-0.6794,-0.72938836
D54C,-1.0996,-0.9897688
D54E,-0.2592,-0.4991095
D54F,-0.153,-0.9867971
D54G,-1.0721,-0.67665553
D54H,-0.6968,-0.5844519
D54L,-0.2923,-0.8650956
D54M,-1.5888,-1.102926
D54N,-1.7825,-0.4220075
D54P,1.0069,-0.72877365
D54Q,0.3663,-0.59265614
D54R,-1.3671,-0.57196724
D54S,-0.6551,-0.60416377
D54T,-0.3703,-0.61835194
D54V,-0.6632,-0.92741954
D54W,-0.2441,-0.76769084
D54Y,0.34,-0.64186335
I55A,0.3371,-0.44906914
I55C,1.318,-0.23310007
I55D,-1.8024,-0.49766937
I55E,-0.6061,-0.6758226
I55G,0.1684,-0.26903266
I55H,0.847,-0.58152103
I55K,0.2338,-0.44702715
I55L,-0.1667,-0.4222479
I55M,-0.1698,-0.6355515
I55N,0.5929,-0.39146543
I55Q,-0.4677,-0.5792098
I55R,-1.0472,-0.68209076
I55S,-1.3293,-0.47478464
I55T,-1.1644,-0.5205269
I55W,-2.3368,-0.72372574
I55Y,0.2392,-0.3536127
L56A,0.1403,-0.23664282
L56C,0.7515,-0.019834185
L56D,0.2002,-0.05337902
L56E,2.8572,-0.022798711
L56F,0.4068,-0.14259237
L56G,2.0963,-0.16814412
L56H,-0.7667,-0.18836361
L56I,0.1094,-0.23680878
L56K,-1.3291,-0.24912727
L56L,-1.1155,-0.28354663
L56M,0.7954,-0.18679681
L56N,2.2968,-0.0012469532
L56P,-0.9477,-0.34534663
L56Q,-0.2086,-0.18293554
L56R,-0.4893,-0.2892844
L56S,0.8988,-0.124428965
L56T,0.1541,-0.1451549
L56V,0.2741,-0.28012052
L56W,-1.0417,-0.13937376
L56Y,-0.7877,-0.15140921
D57A,-0.9432,-0.8153305
D57C,1.1076,-0.36340708
D57E,0.1794,-0.58736324
D57F,-0.6739,-0.94960177
D57H,-0.8283,-0.69333017
D57K,-0.4878,-0.72561586
D57L,-2.2955,-1.0784202
D57M,-1.6377,-0.7368352
D57N,0.4493,-0.380933
D57P,-1.9192,-0.9037173
D57Q,-0.9109,-0.70992994
D57R,-1.5689,-0.8033335
D57S,-0.5874,-0.68783224
D57T,-0.4785,-0.67054605
D57W,-1.4001,-1.148571
D57Y,-1.2081,-0.8454635
T58D,-1.0589,-0.57016224
T58E,0.3836,-0.63475853
T58F,-0.6775,-0.640345
T58G,-0.1347,-0.58114696
T58H,-0.185,-0.60969746
T58L,-0.5304,-0.57118624
T58M,0.3498,-0.665093
T58N,-0.6707,-0.6360593
T58P,-1.1021,-0.6969235
T58Q,0.3561,-0.67518413
T58R,-0.5421,-0.7521378
T58S,-0.2927,-0.39915743
T58V,-0.4683,-0.39337984
T58W,-0.9891,-0.9247438
T58Y,-0.2242,-0.5696558
A59C,-0.7472,-0.33224267
A59D,-0.3168,-0.11475133
A59F,-0.9184,-0.5497832
A59G,3.6563,0.4831697
A59K,0.4089,-0.06419913
A59L,-0.2501,-0.6595142
A59M,-0.7097,-0.68972147
A59N,0.3936,0.23926583
A59P,0.1431,-0.0047215763
A59Q,-0.6745,-0.36938763
A59R,-0.7176,-0.51295686
A59S,4.5771,0.29796302
A59T,2.8644,0.07202933
A59V,-1.1052,-0.5850706
A59W,-0.8594,-0.6004983
A59Y,-1.3016,-0.4284657
G60C,-0.3782,-0.3607375
G60E,-0.6004,-0.51151705
G60F,-1.0261,-0.5137696
G60H,-0.2018,-0.30479002
G60I,-0.4471,-0.38708618
G60K,-0.2394,-0.38666326
G60L,-0.1764,-0.52808446
G60N,0.2351,-0.15081252
G60P,0.8,-0.21829455
G60Q,-0.1667,-0.30236304
G60R,-0.4377,-0.48091173
G60S,-0.3253,-0.21374507
G60T,-0.1062,-0.22705321
G60V,0.3405,-0.46176606
G60W,0.4043,-0.019875878
G60Y,0.1362,-0.22008194
Q61A,-0.8204,-0.054254524
Q61C,0.4358,0.04305435
Q61D,0.14,-0.08762086
Q61E,0.275,-0.014090801
Q61F,-0.2874,-0.036969252
Q61H,0.5118,0.06746549
Q61L,2.6666,0.17460537
Q61M,2.6551,-0.07085546
Q61N,1.4305,0.12554535
Q61P,-0.5511,-0.033638842
Q61R,6.1582,0.16870567
Q61S,1.179,0.06750051
Q61T,0.5535,0.034854062
Q61V,0.3287,0.046741076
Q61W,0.7026,-0.13818301
Q61Y,0.3188,0.108875446
E62A,-0.4389,-0.35991898
E62D,-0.1576,-0.15534513
E62F,-1.0617,-0.70738554
E62H,0.9927,-0.17247844
E62I,-0.1788,-0.4381437
E62K,-0.3626,-0.2865476
E62L,-0.384,-0.5470462
E62N,-0.19,-0.3760004
E62P,-0.8039,-0.41246372
E62Q,0.3292,-0.21235943
E62R,0.4802,-0.3351454
E62S,0.163,-0.3783767
E62T,-0.6123,-0.4788737
E62V,-2.1127,-0.3504772
E62W,-0.933,-0.6983181
E62Y,-0.4801,-0.43854052
E63A,-0.3854,-0.36770234
E63C,1.0441,0.2925331
E63D,0.4922,-0.21723075
E63F,0.3573,0.22483997
E63G,-0.1162,-0.19637468
E63H,1.0413,0.24274811
E63I,0.3605,-0.021916414
E63L,-0.8408,-0.19245607
E63M,0.2727,0.08950297
E63N,-0.2768,-0.07015418
E63P,0.1777,-0.052037798
E63R,0.9402,0.07223547
E63S,0.3998,-0.22583306
E63T,0.3308,-0.060423486
E63V,-0.5004,-0.010217721
E63W,0.3435,0.20137155
E63Y,1.4433,0.3222497
Y64A,0.2375,-0.2753864
Y64C,0.1924,-0.45098686
Y64D,-0.4792,-0.25171852
Y64E,0.195,-0.117947035
Y64G,-1.1048,-0.55829585
Y64H,-0.2964,-0.34866703
Y64I,-0.5425,-0.29870972
Y64K,0.2008,-0.2906448
Y64M,-0.5401,-0.12080451
Y64N,-0.5003,-0.52536345
Y64P,-0.2504,-0.45685816
Y64Q,0.1726,-0.25662374
Y64T,-0.458,-0.5067607
Y64V,-0.6442,-0.40694416
Y64W,-0.5559,-0.23969868
A66C,0.565,0.08132399
A66D,0.6358,-0.15646714
A66E,-0.4656,-0.22502653
A66G,-0.1312,-0.6284059
A66H,0.6922,0.19930895
A66I,-0.3513,0.0010158478
A66L,0.4319,-0.11626332
A66M,0.5759,-0.10911881
A66N,-0.2475,-0.06620679
A66Q,-0.4794,-0.11099369
A66R,0.703,0.054008074
A66S,0.5068,-0.12711398
A66T,-0.3639,-0.06285574
A66V,-1.6644,0.037696697
A66W,0.6806,0.34943986
A66Y,1.2842,0.23965234
M67A,-1.1986,-0.4387614
M67C,-0.3959,-0.3827319
M67D,-0.3359,-0.5254556
M67E,-1.0332,-0.54812974
M67F,-0.8554,-0.4094143
M67G,-0.1041,-0.51926243
M67H,-0.2529,-0.5043128
M67I,-0.1066,-0.257527
M67L,-0.5291,-0.3743031
M67N,-0.3733,-0.5557649
M67P,0.7903,-0.15365694
M67Q,-1.0694,-0.64167976
M67R,-0.2931,-0.5269724
M67S,-0.8921,-0.5512761
M67T,0.2316,-0.50149953
M67V,0.1529,-0.25385368
M67W,-0.8966,-0.31494105
M67Y,-0.4405,-0.4006035
R68A,2.365,0.45405
R68C,1.1231,0.26834247
R68D,0.3623,0.2959556
R68E,-0.6113,-0.14074337
R68F,0.4612,-0.1222902
R68G,0.4494,0.5545009
R68I,0.9793,0.23898394
R68K,0.5859,0.041801296
R68L,1.5591,0.19378898
R68M,2.3674,0.06070385
R68N,3.9411,0.43954054
R68P,1.0315,0.22250761
R68Q,1.8286,0.19637917
R68R,0.2658,-0.28354663
R68S,3.4746,0.63673997
R68T,0.626,0.35539418
R68V,-0.2868,0.326819
R68W,-0.3078,-0.2745047
R68Y,-0.6255,-0.05828593
D69A,0.7422,-0.12798539
D69E,-0.1299,-0.4251898
D69F,0.5918,0.017639464
D69G,1.5058,0.095147766
D69I,0.4593,-0.045211457
D69L,0.5057,-0.22516769
D69M,1.2819,-0.07788219
D69P,-0.9967,-0.44481224
D69Q,-0.3103,-0.24239872
D69R,0.1098,-0.23090662
D69S,-1.2282,-0.40922636
D69T,0.128,-0.17147997
D69V,0.8964,-0.12368483
D69Y,0.2052,-0.1286656
Q70A,-0.7414,-0.4399181
Q70C,-1.0557,-0.5231638
Q70D,-0.4458,-0.38032025
Q70E,-0.8206,-0.28598258
Q70F,-1.8139,-0.4949376
Q70G,-0.7043,-0.36774838
Q70H,-0.1903,-0.2564709
Q70I,-0.1479,-0.48501182
Q70K,0.7011,-0.21019407
Q70L,-1.0142,-0.53115827
Q70M,-0.2534,-0.34230417
Q70P,-0.5325,-0.42004785
Q70R,-0.2255,-0.31287384
Q70S,-0.569,-0.3940693
Q70T,-0.1861,-0.34984642
Q70V,0.1566,-0.48086533
Q70Y,-0.2033,-0.4071643
Y71A,0.2895,-0.37130776
Y71E,-0.556,-0.7654505
Y71F,-0.7924,-0.34668732
Y71G,0.2924,-0.33294237
Y71H,0.214,-0.4281056
Y71I,0.6264,-0.41674584
Y71L,-0.7336,-0.5809117
Y71M,-1.6337,-0.70472157
Y71N,-1.0844,-0.63724536
Y71Q,-1.4317,-0.6983765
Y71R,-1.2899,-0.57079697
Y71S,-0.1628,-0.4901489
Y71T,0.268,-0.5296279
Y71V,-0.959,-0.523647
M72A,-1.7229,-0.6123273
M72C,-0.7491,-0.08243463
M72D,0.4282,-0.2791307
M72E,-0.7738,-0.36688933
M72F,0.4056,-0.2083996
M72G,-0.9816,-0.83985674
M72I,-0.3,-0.30174837
M72K,1.1071,-0.18750778
M72L,0.1505,-0.4628834
M72N,-0.365,-0.34997103
M72P,-0.796,-0.50861
M72Q,0.333,-0.27575874
M72R,0.1729,-0.21197675
M72S,0.1392,-0.45602378
M72T,-1.2962,-0.33864427
M72V,0.4036,-0.32494646
M72W,1.4256,0.026093086
M72Y,0.9739,-0.16909254
R73A,-0.1991,-0.3899674
R73D,1.178,-0.29892215
R73E,-0.4804,-0.39319408
R73F,0.4134,-0.11294899
R73G,-0.7803,-0.35992163
R73I,0.5597,-0.13383302
R73L,-0.4269,-0.33219463
R73N,-0.6885,-0.33535716
R73P,-1.2878,-0.4948499
R73R,0.2289,-0.28354663
R73S,0.5368,-0.2518943
R73T,0.5918,-0.15799086
R73V,0.3155,-0.25482655
R73W,0.2111,-0.14820035
R73Y,-0.5893,-0.34540033
T74A,-0.5584,-0.33980718
T74C,0.1583,-0.20893359
T74D,0.1544,-0.2571377
T74E,-0.138,-0.2858925
T74F,0.3157,-0.17665862
T74G,0.2641,-0.05746112
T74H,-0.6986,-0.23680244
T74I,0.1302,-0.26700273
T74K,-0.65,-0.38494495
T74L,0.1364,-0.104979135
T74M,0.3184,-0.1299078
T74R,0.4111,-0.22748983
T74S,-0.182,-0.21403384
T74W,1.0678,-0.18715891
T74Y,-0.2328,-0.220167
G75A,0.658,-0.48391548
G75C,-0.4286,-0.453889
G75D,-0.9964,-0.6212269
G75E,-1.1825,-0.72243595
G75F,-0.3138,-0.45429042
G75H,-0.2231,-0.6137254
G75I,-1.3462,-0.45910737
G75K,-1.2446,-0.7195267
G75L,-0.2663,-0.5028826
G75M,-0.7881,-0.46001816
G75N,-0.4412,-0.6942153
G75P,-0.3946,-0.59179425
G75Q,-1.0163,-0.6926194
G75T,-1.0149,-0.5836463
G75V,0.7248,-0.4483912
G75W,0.5437,-0.3342978
G75Y,-0.23,-0.4367933
E76C,-0.527,-0.60571104
E76D,-0.5772,-0.5064007
E76F,-0.6852,-0.62299633
E76G,-0.3265,-0.5647174
E76H,1.0107,-0.4739685
E76I,0.1089,-0.47833848
E76K,-0.7476,-0.39885974
E76L,-0.8834,-0.51728165
E76M,-0.5578,-0.52022886
E76N,-0.2875,-0.5945878
E76P,1.065,-0.7352911
E76R,-0.2415,-0.312598
E76S,-0.1975,-0.5397078
E76T,-0.5408,-0.5450592
E76V,-0.7345,-0.56262
E76W,-1.0136,-0.5897183
E76Y,-0.2602,-0.49194846
G77A,0.3032,0.13078158
G77C,1.0689,0.7725493
G77D,-0.8936,-0.1549654
G77E,0.2666,0.11162036
G77F,2.8626,1.3082905
G77H,1.2921,0.74687254
G77I,1.6876,1.3828812
G77K,0.6413,0.2751115
G77L,0.9683,0.9200424
G77M,1.9243,0.8608202
G77N,0.3958,-0.05298134
G77P,-1.0879,-0.14519525
G77R,0.3154,0.5215592
G77T,2.941,0.25618988
G77V,4.374,1.2807899
G77W,0.4733,1.18794
G77Y,3.9804,1.0731071
F78A,-0.106,-0.14086337
F78C,0.4276,-0.113001905
F78D,0.3348,-0.15695725
F78E,0.2526,-0.099368714
F78G,0.2399,-0.12393918
F78I,0.6262,-0.3968955
F78K,-0.2079,-0.2221479
F78L,-1.0459,-0.42742673
F78M,0.949,-0.12009738
F78N,-0.4338,-0.2529924
F78P,0.3241,-0.23203573
F78Q,0.173,-0.29975492
F78R,0.7332,-0.10805353
F78S,0.5306,-0.14297813
F78T,-0.5333,-0.26182434
F78V,-0.6946,-0.42972487
F78W,-0.2961,-0.28245407
F78Y,-0.5161,-0.32392645
L79C,-0.1517,-0.14374387
L79D,0.488,-0.2026706
L79F,-0.8732,-0.3394754
L79H,0.296,-0.22432399
L79M,0.1753,-0.11327129
L79N,-0.2589,-0.21091141
L79P,0.5052,-0.112998
L79Q,-0.3982,-0.23347437
L79R,-0.1712,-0.19156708
L79S,-0.2975,-0.21789925
L79V,0.7156,-0.22071643
L79W,0.9024,-0.033924036
C80A,-0.4801,-0.40719476
C80D,-0.6673,-0.59324074
C80E,0.6043,-0.55744004
C80F,-0.1472,-0.06489781
C80G,0.5635,-0.53382564
C80H,-0.5843,-0.2275095
C80I,0.4629,-0.059182517
C80K,-0.6473,-0.49051753
C80L,0.591,-0.12734093
C80M,0.1372,-0.16784258
C80N,-0.992,-0.527843
C80P,-0.2254,-0.4955392
C80Q,-0.8758,-0.525545
C80R,0.6648,-0.32516146
C80S,-0.3411,-0.6137829
C80T,-0.9482,-0.48274773
C80V,0.1886,-0.14250585
C80W,0.456,0.0032325743
C80Y,0.2069,-0.25384945
V81A,-0.2948,-0.3365774
V81C,-0.2235,-0.37253368
V81D,-0.1526,-0.5264303
V81E,-1.2135,-0.30025467
V81F,1.9536,-0.1057763
V81G,-0.3176,-0.48511788
V81H,-0.5673,-0.32599404
V81I,-0.2507,-0.17019956
V81K,0.4007,-0.270227
V81L,-0.7771,-0.30824816
V81M,-0.1704,-0.31740582
V81N,-1.0839,-0.6300513
V81Q,0.1896,-0.27759767
V81R,0.323,-0.28825143
V81S,-0.3646,-0.44088754
V81T,-1.0321,-0.48104456
V81W,-0.1493,-0.30491796
V81Y,-0.1334,-0.19580436
F82C,-0.558,-0.5926944
F82D,-0.364,-0.5206908
F82E,-0.3388,-0.5525286
F82G,0.5295,-0.31536132
F82H,-0.1277,-0.54215974
F82I,-0.3738,-0.29194936
F82K,-0.7117,-0.669245
F82L,1.5023,-0.1927242
F82M,-0.5571,-0.2312789
F82N,-0.7791,-0.57794607
F82P,-0.4056,-0.5746269
F82Q,0.245,-0.5811335
F82R,-1.246,-0.6403229
F82S,-0.5804,-0.71648
F82T,-0.1552,-0.635327
F82V,-0.6049,-0.37949395
F82W,-0.4422,-0.3130506
F82Y,0.226,-0.38046277
A83C,-0.725,-0.3142243
A83D,-0.2525,-0.17307085
A83E,0.2094,-0.19931152
A83F,-0.4622,-0.20824176
A83G,-0.2779,-0.06389096
A83H,2.2521,0.12710254
A83I,0.3602,-0.21784827
A83K,0.6279,-0.35179985
A83L,0.6818,-0.30932438
A83N,1.2826,-0.04428961
A83P,-0.2548,-0.1042872
A83Q,-0.2385,-0.19188862
A83R,-0.3865,-0.33941522
A83S,0.1814,-0.20221123
A83V,2.5186,-0.2266906
I84C,-0.2757,-0.37628457
I84E,-0.5768,-0.4960925
I84F,1.1847,-0.20203468
I84G,-0.1256,-0.5189361
I84H,-0.3129,-0.39604396
I84K,-0.2697,-0.53551996
I84L,-0.6782,-0.52925766
I84M,1.0961,-0.24949253
I84P,-0.6373,-0.5190212
I84Q,1.5753,-0.4249784
I84R,-0.381,-0.53325385
I84S,0.925,-0.49861193
I84T,-0.1416,-0.40099046
I84V,-0.4736,-0.3237643
I84W,-0.1363,-0.37151968
I84Y,-0.7153,-0.35125577
N85A,-0.734,-0.34400362
N85C,0.9098,0.053866006
N85D,-0.2442,-0.28140384
N85E,0.4034,-0.26580605
N85F,-0.2811,-0.19840015
N85G,0.1889,-0.5213775
N85H,1.1969,-0.11824476
N85I,0.2841,-0.030432219
N85K,0.6299,-0.12716818
N85L,-0.7937,-0.32932138
N85M,-0.2437,-0.15489566
N85P,0.202,-0.5205374
N85Q,0.2851,-0.19508308
N85R,-0.7108,-0.09511735
N85S,-0.1775,-0.22844926
N85V,0.5735,-0.021336654
N85W,0.5118,-0.06167654
N86C,-1.4804,-0.6507956
N86D,0.6566,-0.42077237
N86E,-0.9053,-0.45099637
N86F,-0.3182,-0.38826704
N86G,0.5726,-0.39162043
N86H,0.296,-0.40896147
N86L,-0.1342,-0.47141337
N86M,-0.7176,-0.61641717
N86P,-0.5613,-0.37624964
N86R,0.8704,-0.40181312
N86T,0.4309,-0.3257954
N86V,0.2911,-0.57111156
N86W,0.1233,-0.36114052
N86Y,-0.163,-0.37318927
T87D,-1.3282,-0.37094286
T87E,-0.4236,-0.59066534
T87G,0.8709,-0.114850454
T87H,-1.9053,-0.66939366
T87I,-0.4141,-0.688257
T87K,-0.6491,-0.5494344
T87L,-1.4964,-0.854777
T87M,0.1335,-0.6503437
T87N,0.3984,-0.26869082
T87P,0.3233,-0.16594477
T87Q,0.4489,-0.39624402
T87R,-1.744,-0.57643944
T87V,-0.3601,-0.73853517
T87Y,-0.6854,-0.58912873
K88A,-1.1857,-0.6267323
K88C,0.7594,-0.31483525
K88D,-0.2871,-0.57816297
K88E,-1.6651,-0.61741054
K88F,-0.1472,-0.19244501
K88G,0.9538,-0.33666536
K88H,-0.7508,-0.2955156
K88I,1.4288,-0.16287662
K88L,-0.3002,-0.34295446
K88M,-0.8615,-0.5579393
K88P,-1.3597,-0.6968195
K88Q,-0.2702,-0.45051757
K88S,-1.125,-0.48638254
K88T,-0.6097,-0.456209
K88V,-0.3517,-0.3200705
K88W,0.4697,-0.28069386
K88Y,0.6828,-0.15203747
S89A,-0.2208,-0.57710856
S89C,-0.2142,-0.3924846
S89D,-0.2518,-0.40803465
S89E,-0.2044,-0.57851976
S89F,0.1635,-0.48294556
S89G,-1.4657,-0.6890927
S89I,-1.2593,-0.5728166
S89K,-0.3961,-0.4943611
S89M,-1.1924,-0.5569612
S89N,0.215,-0.4242527
S89P,-0.8308,-0.51310307
S89Q,-2.1793,-0.5694237
S89R,0.3403,-0.50492847
S89S,0.3028,-0.28354663
S89T,-3.0214,-0.47078454
S89V,0.7167,-0.4142827
S89Y,-0.4428,-0.4490405
F90C,0.5106,-0.10047551
F90D,-0.2134,-0.45129928
F90E,0.1513,-0.5016849
F90G,-0.8967,-0.56472397
F90H,-0.2138,-0.2938487
F90I,-0.3536,-0.36916268
F90L,-2.7549,-0.5832765
F90M,-0.6133,-0.1561604
F90P,0.5791,-0.07741626
F90Q,-3.4739,-0.35683358
F90R,-0.8514,-0.5528774
F90S,-1.9175,-0.41058645
F90T,-0.5808,-0.28614688
F90V,-1.2445,-0.33654708
F90W,0.393,-0.14612381
F90Y,0.9535,-0.24464455
E91A,-0.8238,-0.515881
E91C,0.2491,-0.53903747
E91D,0.5794,-0.23387152
E91F,0.1917,-0.688184
E91G,0.2962,-0.28538084
E91H,-2.2542,-0.90496916
E91I,-2.2908,-0.6848781
E91K,-0.2754,-0.36682075
E91M,-1.6816,-1.0366755
E91N,-2.254,-0.49479073
E91P,1.109,-0.14531547
E91Q,0.5729,-0.4694976
E91R,-0.3976,-0.59821606
E91S,-1.7179,-0.51153433
E91T,0.6709,-0.6095339
E91V,0.7604,-0.58042365
E91W,-0.6191,-0.7615601
E91Y,-1.2875,-0.8225027
D92A,-0.4706,-0.38729668
D92E,-0.2535,-0.340504
D92F,-0.3012,-0.3302805
D92G,-0.661,-0.460775
D92H,0.4652,-0.12771179
D92I,-0.2699,-0.3651593
D92K,0.7262,-0.07129242
D92L,0.2875,-0.32346177
D92N,-0.3055,-0.1675592
D92P,0.1966,-0.29787424
D92Q,-0.8011,-0.24970412
D92R,0.288,-0.22293194
D92S,-0.1025,-0.2825476
D92T,-0.2176,-0.3154936
D92V,-0.4934,-0.51142573
D92W,-0.5649,-0.4735058
D92Y,0.3505,-0.319529
I93A,-1.1044,-0.31142965
I93C,0.2607,-0.2780846
I93D,0.9985,-0.31933728
I93E,-0.977,-0.4739655
I93F,0.6571,-0.39711726
I93G,-1.1009,-0.3573246
I93H,-2.2091,-0.24594617
I93K,0.2119,-0.18074046
I93L,-0.2938,-0.29625952
I93M,1.3136,-0.10074832
I93N,0.4445,-0.17495687
I93P,0.2651,-0.06281426
I93Q,0.8231,-0.10972258
I93R,0.6902,-0.13799335
I93S,0.4619,-0.1425748
I93T,0.5095,-0.17985491
I93W,-0.6558,-0.47006306
I93Y,-0.1898,-0.29148254
H94A,-0.178,-0.20008552
H94C,-0.8883,-0.25675842
H94F,-0.3985,-0.3162124
H94I,-0.9771,-0.36087582
H94K,-0.3888,-0.027781243
H94L,0.954,-0.17857695
H94M,1.1118,-0.16282709
H94N,0.6271,-0.04933103
H94P,-0.2707,-0.1922999
H94Q,0.6958,0.03890104
H94R,0.4463,-0.17556095
H94S,0.6898,-0.0844096
H94T,0.1144,-0.12620872
H94V,-0.628,-0.36524978
H94W,-1.4292,-0.26204807
H94Y,-0.4804,-0.31914014
H95A,-0.589,-0.30274066
H95C,-0.1412,0.02815867
H95D,-0.4388,-0.15830241
H95E,-0.3467,-0.31652653
H95G,0.19,-0.28455746
H95I,-0.3679,-0.008546436
H95K,0.4333,-0.34135526
H95L,-0.4447,-0.0487416
H95M,1.3127,0.0659487
H95N,-0.6277,-0.26005596
H95Q,0.5056,-0.255163
H95R,0.2621,-0.333129
H95S,1.3809,-0.33602187
H95T,0.1012,-0.27047575
H95V,0.9458,0.055966504
H95W,1.4464,0.28862718
H95Y,1.0122,-0.09198152
Y96A,2.4717,1.1718287
Y96C,1.3756,0.30660865
Y96D,3.4402,0.8009833
Y96F,0.2466,0.45887142
Y96G,1.5691,0.7396097
Y96H,0.2915,0.55224776
Y96I,2.0509,0.7686338
Y96K,2.3644,0.96255535
Y96L,4.1063,0.72619104
Y96M,4.0007,1.0630889
Y96N,1.7319,0.65734315
Y96P,0.5765,0.51805294
Y96Q,2.5655,0.9917863
Y96R,2.3846,0.956907
Y96S,2.6608,1.0023232
Y96T,3.6262,0.8887668
Y96V,2.2609,0.83223426
Y96W,3.2201,0.31309998
R97A,-0.5254,-0.31894496
R97D,-0.6169,-0.3520678
R97E,-0.4336,-0.22984289
R97F,-1.0056,-0.085544996
R97G,0.1151,-0.08088463
R97H,0.2999,-0.20342875
R97I,0.3741,-0.23553458
R97K,-0.284,-0.24989611
R97M,0.145,-0.14648196
R97N,0.5956,-0.08155482
R97P,0.5553,0.12491005
R97Q,0.1341,-0.29889533
R97R,0.5834,-0.28354663
R97S,-0.1465,-0.26046205
R97T,0.2118,-0.27834055
R97V,-1.4945,-0.3676107
R97W,-1.2701,-0.1204303
R97Y,0.3615,-0.11069346
Q99A,0.196,-0.091590054
Q99C,0.6406,0.18579029
Q99D,4.353,0.09532463
Q99F,0.5357,0.2735126
Q99G,0.3274,0.115138926
Q99I,0.6654,0.22837694
Q99K,-0.3655,-0.28654808
Q99M,0.3086,0.05391524
Q99N,1.0465,0.017168736
Q99P,0.1754,0.13474172
Q99R,0.6115,-0.041896336
Q99S,1.7615,-0.013407314
Q99T,1.4113,0.17137282
Q99W,3.926,0.46988535
Q99Y,0.8579,0.19169667
I100A,-0.1656,-0.13970426
I100C,0.6028,0.020240253
I100D,-0.9029,-0.21185102
I100E,-0.122,-0.16618755
I100F,0.8331,-0.19726607
I100H,0.7617,-0.21388741
I100K,0.3171,-0.04764103
I100L,-0.436,-0.18859205
I100M,0.3365,-0.17193338
I100N,0.8358,-0.049906634
I100P,0.6707,-0.25067502
I100Q,0.3852,-0.09500573
I100R,0.5861,-0.18361342
I100S,-0.9255,-0.059565954
I100T,-0.595,-0.059465654
I100V,0.6112,-0.1056998
I100W,0.4254,-0.12025108
I100Y,-0.2058,-0.33026087
K101A,-1.4063,-0.59509563
K101C,0.4287,-0.3525751
K101D,0.1167,-0.38799804
K101E,-1.2763,-0.49049154
K101F,1.0614,-0.14452028
K101G,-0.3505,-0.53244114
K101H,0.726,-0.13991885
K101I,-0.452,-0.38702148
K101M,0.2789,-0.24244583
K101N,-0.6859,-0.4700879
K101P,-1.3533,-0.51051694
K101Q,0.566,-0.31336492
K101R,-0.286,-0.17774445
K101S,-0.6409,-0.45643705
K101T,-2.913,-0.47018415
K101V,-0.2812,-0.4675784
K101W,-0.381,-0.17328548
K101Y,-0.854,-0.30584526
R102A,0.7806,0.10546998
R102C,0.2239,-0.09970572
R102D,0.1222,-0.29022336
R102E,-0.2949,-0.28287387
R102F,-0.1535,0.003600022
R102G,0.1766,0.10922899
R102I,0.9341,0.021856358
R102K,-1.0218,-0.3943643
R102L,-0.2324,-0.04349082
R102P,0.2915,-0.10751691
R102Q,-1.2561,-0.35559344
R102R,1.3214,-0.28354663
R102T,0.7367,-0.054027893
R102V,-0.5184,0.15890686
R102W,-0.3481,-0.2675252
R102Y,-0.5568,-0.18011846
V103A,-0.3458,-0.39190534
V103C,0.9261,-0.07977202
V103D,-0.7267,-0.29926276
V103E,0.2739,-0.36126405
V103F,0.6448,-0.3953027
V103G,-0.5537,-0.38546088
V103H,0.3617,-0.26680616
V103L,-1.0574,-0.3852775
V103M,0.6582,-0.28485924
V103N,0.1808,-0.30040967
V103P,-2.4564,-0.5024061
V103Q,1.4535,-0.26393682
V103R,1.1718,-0.06127014
V103S,-0.9052,-0.30664936
V103T,-0.2459,-0.27817842
V103W,1.0835,-0.366817
V103Y,-0.9748,-0.24617097
K104A,-1.3785,-0.34246418
K104C,-0.3616,-0.39497495
K104D,0.1745,-0.36743155
K104F,-1.0859,-0.61294305
K104G,0.3691,-0.28627366
K104H,-0.6643,-0.3959562
K104L,0.5447,-0.40340948
K104M,-0.159,-0.5328995
K104N,-0.1577,-0.3478514
K104P,-0.5896,-0.53164715
K104Q,-2.2388,-0.24741781
K104R,-0.8682,-0.5402796
K104S,-0.1287,-0.28804475
K104T,0.5575,-0.30410925
K104V,-0.3883,-0.29187757
K104W,0.4606,-0.38414916
K104Y,-0.1121,-0.29256725
D105A,-0.9948,-0.36185962
D105C,-1.0003,-0.46944103
D105F,-0.1266,-0.2837993
D105G,-0.3401,-0.34882376
D105H,-0.4713,-0.32216766
D105I,0.5715,-0.29542676
D105K,1.1321,-0.30330506
D105L,0.221,-0.293975
D105N,-0.1572,-0.27433705
D105P,0.3693,-0.30909088
D105Q,-0.4358,-0.36115158
D105R,-0.2859,-0.25625673
D105S,0.6617,-0.29573295
D105T,0.7386,-0.298603
D105V,-1.2844,-0.3038841
D105W,-0.1463,-0.33389866
D105Y,0.2737,-0.2946916
S106A,-0.5976,-0.35223544
S106C,0.3599,-0.3168766
S106E,0.5906,-0.176462
S106F,-2.1688,-0.48967084
S106G,0.12,-0.30374944
S106H,0.1801,-0.24435616
S106L,0.3414,-0.39865828
S106N,0.1442,-0.31149358
S106P,-0.7247,-0.19530436
S106Q,-0.606,-0.32053012
S106R,0.5293,-0.21267131
S106S,0.2002,-0.28354663
S106T,2.7426,-0.1575264
S106V,-0.1695,-0.24246787
S106W,-0.4381,-0.36874837
S106Y,-0.2028,-0.36096773
E107A,-0.3804,-0.4086204
E107C,-0.1274,-0.4955036
E107D,-0.2832,-0.38871816
E107F,-1.5556,-0.18979128
E107G,-1.208,-0.5699536
E107H,-0.8034,-0.5162734
E107K,-0.5959,-0.3377831
E107L,0.6567,-0.27450457
E107M,0.3245,-0.36386397
E107N,0.1841,-0.37886438
E107P,-0.8177,-0.5443007
E107Q,0.1318,-0.33184293
E107R,-1.0024,-0.34547198
E107S,-0.2253,-0.4258678
E107T,-0.7802,-0.46946982
E107W,0.4628,-0.1525694
E107Y,-0.3397,-0.2647058
D108A,0.4559,-0.470618
D108C,-0.1929,-0.19261698
D108E,-0.1986,-0.37619302
D108F,0.1683,-0.09869484
D108G,-0.5937,-0.46039674
D108H,-1.019,-0.37726134
D108I,0.2073,-0.19505326
D108K,-0.3222,-0.44768202
D108M,0.1777,-0.21511811
D108N,-0.2075,-0.32443446
D108P,-0.4287,-0.391459
D108Q,-0.9663,-0.43144512
D108T,0.6345,-0.34480324
D108V,0.1744,-0.25879052
D108W,0.1836,-0.18291456
D108Y,1.0431,-0.052053265
V109C,-0.793,-0.28212768
V109D,0.1529,-0.39644083
V109E,0.6527,-0.21966992
V109F,0.639,-0.22327337
V109G,-0.8655,-0.4281074
V109H,-0.2691,-0.32159054
V109I,0.4094,-0.26810136
V109L,1.2468,-0.1473017
V109M,0.1573,-0.20579636
V109N,-0.4743,-0.51512635
V109P,0.1203,-0.3123569
V109Q,-0.6997,-0.36279827
V109R,-1.1025,-0.3886967
V109S,0.2181,-0.33874178
V109T,-0.229,-0.30037925
V109W,-0.588,-0.3588276
V109Y,-0.1597,-0.26835185
P110A,-0.4749,-0.22350922
P110C,-0.7218,-0.3002094
P110D,-0.9824,-0.4996847
P110E,0.8206,-0.3365186
P110F,0.3956,-0.13939866
P110G,0.1746,-0.2650305
P110H,-0.2668,-0.36375707
P110I,0.2738,-0.025993282
P110K,-0.6823,-0.46254778
P110L,0.151,-0.15353474
P110Q,0.3269,-0.33680582
P110R,0.7217,-0.3002682
P110S,-1.2965,-0.43753085
P110T,-0.1883,-0.2843719
P110V,0.1667,-0.054917432
P110W,-0.3699,-0.16847694
M111A,0.9242,-0.23243104
M111C,0.7266,-0.17692646
M111D,-0.2518,-0.5299579
M111E,0.1361,-0.50415814
M111F,0.9799,0.008139959
M111G,-0.6137,-0.49050388
M111H,-0.8149,-0.39511913
M111K,-0.748,-0.55686474
M111L,-0.1509,-0.19600281
M111N,-0.7995,-0.5470085
M111P,0.2213,-0.3568697
M111Q,0.1755,-0.45098084
M111R,-0.9801,-0.6139633
M111S,-0.9408,-0.45589247
M111W,0.4367,0.048086442
M111Y,0.1307,-0.25855
V112A,0.2242,-0.30899245
V112C,-0.1518,-0.11827571
V112D,-0.2508,-0.48407546
V112E,-1.6378,-0.50649995
V112F,0.1196,-0.19947615
V112G,0.2381,-0.31884816
V112H,0.4978,-0.15039408
V112I,-0.8382,-0.23283382
V112K,-0.5082,-0.6194984
V112M,0.6227,-0.06356793
V112P,-0.2032,-0.50415933
V112Q,-0.6078,-0.51952624
V112R,-0.2569,-0.4363748
V112T,-0.5467,-0.41104102
V112W,0.6692,-0.11765622
V112Y,-0.4897,-0.39372623
L113A,-0.1161,-0.39837325
L113C,-0.6784,-0.02459159
L113D,-0.4381,-0.15757647
L113E,-0.2529,-0.38290772
L113F,0.2501,-0.23551863
L113G,0.5971,-0.084561236
L113I,0.1491,-0.21652302
L113K,-0.2818,-0.2741494
L113L,0.6358,-0.28354663
L113M,0.3778,-0.27149236
L113N,0.8344,-0.030279959
L113P,-0.8897,-0.12618019
L113Q,-0.3294,-0.2019884
L113R,-0.494,-0.20572507
L113S,-1.0973,-0.21610288
L113T,-0.3264,-0.17892994
L113V,0.3202,-0.14773577
L113Y,-0.2822,-0.0455041
V114A,-0.2008,-0.5099499
V114C,-0.2683,-0.29798412
V114D,-1.0354,-0.7608631
V114E,-1.5042,-0.73532367
V114F,-0.4631,-0.3426865
V114G,-0.2156,-0.56950265
V114H,-0.4349,-0.43906718
V114I,-0.1408,-0.24591176
V114K,-0.7539,-0.6055845
V114L,-0.2897,-0.27506486
V114M,1.8375,-0.32092407
V114N,-0.8509,-0.62674475
V114Q,0.1797,-0.46143916
V114R,0.5177,-0.5423924
V114S,-1.2099,-0.5965574
V114T,1.4549,-0.4629807
V114W,0.5133,-0.2754542
V114Y,1.2818,-0.44426012
G115A,0.3489,-0.3873148
G115C,0.4086,0.058361866
G115D,-0.8571,-0.41419786
G115E,0.6892,-0.1847494
G115F,0.3382,-0.13115543
G115H,0.6408,0.03293889
G115I,0.6305,-0.21365613
G115K,0.2444,-0.16650757
G115L,-0.6979,-0.4101766
G115M,-0.3263,-0.17451486
G115N,0.1559,-0.30028334
G115P,0.2327,-0.09900018
G115Q,0.6157,-0.32411796
G115R,0.1964,-0.03222116
G115S,0.2208,-0.41766044
G115T,-1.1038,-0.30606073
G115V,-0.1455,-0.4137692
G115W,-0.4136,0.020922428
G115Y,-1.17,-0.26902604
N116A,1.3612,0.84297925
N116C,2.6215,0.5297227
N116D,0.5959,0.102735944
N116E,0.9538,0.34759566
N116F,-1.227,0.5437917
N116G,-0.9087,0.10693631
N116H,1.6121,0.34377503
N116I,1.8336,1.0073214
N116K,0.2583,0.104190804
N116L,6.3576,1.2421782
N116M,2.394,1.0142931
N116R,-0.5665,0.07111297
N116S,-0.178,-0.027143145
N116T,0.7582,0.35624623
N116V,6.3218,1.2287006
N116W,-0.3976,0.37233883
N116Y,-1.0066,0.099167176
K117A,1.159,0.8985164
K117C,1.9281,1.2065886
K117D,3.0334,0.9385219
K117E,5.2272,0.81026626
K117F,1.8624,1.2700006
K117G,2.5079,0.47913444
K117H,2.4305,0.9352417
K117I,0.8396,0.9839126
K117L,3.5062,1.0547433
K117N,5.8889,0.84590995
K117P,-0.2093,0.64212626
K117Q,0.5141,0.31562102
K117R,2.0902,0.5082756
K117S,2.0574,0.77687776
K117T,1.3614,0.86009395
K117V,0.1751,1.1161911
K117W,1.4172,1.2065656
K117Y,6.9586,0.82474965
C118D,0.8501,-0.00020378246
C118E,-0.4212,-0.2880235
C118G,-0.2751,-0.2100484
C118H,0.3292,-0.22028506
C118I,-0.1944,-0.2614728
C118K,0.2839,0.04655213
C118L,-0.125,-0.2840302
C118N,0.117,0.07305641
C118P,1.7097,0.3001508
C118Q,0.1969,-0.07091775
C118S,0.1606,0.092220135
C118T,1.1235,0.09583504
C118Y,-0.2054,-0.33552754
D119A,0.7394,0.29018337
D119C,0.7104,0.41228718
D119E,0.3909,0.03619305
D119F,0.1005,0.39079082
D119G,1.2726,0.1598725
D119H,5.6804,0.5696517
D119I,0.4616,0.30592573
D119K,0.4247,0.18599023
D119L,-0.3339,0.19642545
D119M,1.4851,0.5177302
D119N,2.4354,0.15229928
D119P,0.1868,0.19117898
D119Q,1.3849,0.2611586
D119R,-0.2535,0.3600204
D119S,-0.1858,0.027960813
D119T,1.5972,0.16639265
D119V,-0.1541,0.2118133
D119W,1.0234,0.35412148
D119Y,1.229,0.2891289
L120A,0.2572,0.10222403
L120C,0.6678,0.21782249
L120D,0.9287,0.3095069
L120E,0.4942,-0.018165702
L120G,0.7849,0.38238585
L120H,1.2861,0.015393158
L120I,0.6559,-0.18582895
L120K,-0.1901,-0.18284516
L120L,-0.1825,-0.28354663
L120M,-0.1598,-0.06603398
L120P,0.581,0.20496774
L120R,-0.1814,0.05336473
L120T,1.2854,0.09077857
L120V,-0.84,-0.14617848
L120W,0.3727,-0.08955658
L120Y,0.1424,0.012865847
P121A,-0.1989,-0.16531616
P121C,-0.6643,-0.3915734
P121E,-0.1106,-0.21129839
P121F,-0.3367,-0.34033677
P121G,0.4046,-0.19524209
P121H,-0.2226,-0.40386292
P121I,0.3745,-0.21736366
P121K,0.6229,-0.28734702
P121L,-0.8792,-0.27694416
P121M,-0.8739,-0.40507194
P121N,0.1636,-0.31504342
P121Q,0.4349,-0.27146536
P121R,-0.3015,-0.14816554
P121S,-1.2178,-0.23875469
P121T,-0.4194,-0.1690627
P121V,0.354,-0.2494584
P121W,0.2297,-0.15207414
P121Y,-0.3491,-0.31260714
S122A,1.5373,-0.02704295
S122C,0.1218,-0.17432518
S122D,0.462,-0.17222075
S122E,-0.4062,0.005711442
S122F,0.1173,-0.27616566
S122G,-0.1964,-0.19789132
S122H,0.3904,-0.015213052
S122K,0.9339,0.14501488
S122L,0.311,-0.16299197
S122N,0.8,-0.17682084
S122P,0.3986,-0.3384955
S122Q,0.5014,-0.0547883
S122R,0.2626,0.0066744443
S122S,1.1073,-0.28354663
S122V,-0.7375,-0.24949622
S122W,-0.7428,-0.25999507
S122Y,0.2194,-0.1556233
R123A,1.378,-0.006235743
R123C,0.4062,-0.08529704
R123D,1.3516,-0.011242205
R123E,-0.2222,-0.22447543
R123F,-0.6259,0.06422935
R123G,-0.9605,-0.4659241
R123H,0.2916,-0.046551354
R123K,-0.4272,-0.14455552
R123L,1.4742,0.09371955
R123M,0.3737,0.020446753
R123N,0.902,-0.20499748
R123Q,0.7147,-0.16755731
R123R,-0.2281,-0.28354663
R123S,-1.7919,-0.28577495
R123T,-1.7211,-0.1556672
R123V,0.3387,0.084315814
R123W,-0.1335,0.18944469
R123Y,0.5818,0.013428813
T124A,0.4376,-0.16701466
T124C,-0.5696,-0.48487186
T124D,-0.8549,-0.3143254
T124F,-1.1129,-0.28053555
T124G,0.2508,-0.11924144
T124H,-0.9404,-0.42318097
T124I,0.4742,-0.24032219
T124K,1.0775,-0.18724686
T124L,-0.5462,-0.29684275
T124M,0.3728,-0.2863788
T124P,-0.1756,-0.26389068
T124Q,0.7765,-0.127295
T124S,1.19,-0.2145007
T124W,0.8076,-0.26516533
T124Y,-0.4772,-0.38939422
V125A,-0.9261,-0.32419088
V125C,-0.4251,-0.3670753
V125D,-1.2697,-0.3227565
V125F,-0.1697,-0.31803793
V125G,0.557,-0.16409639
V125H,-0.2917,-0.45405462
V125L,-0.3415,-0.3964522
V125N,0.1336,-0.2857576
V125P,0.5214,-0.16377467
V125Q,-0.3299,-0.45249236
V125R,-0.4074,-0.48872238
V125S,-0.1754,-0.3171361
V125T,0.4958,-0.34408012
V125W,-1.0613,-0.4664624
D126A,-0.8245,-0.49683842
D126C,0.723,-0.26148766
D126F,-0.3159,-0.5907657
D126G,0.9586,-0.13097695
D126H,-1.3658,-0.29494137
D126I,-4.1652,-0.7931261
D126K,-0.2306,-0.27701914
D126M,0.4199,-0.6237743
D126N,0.7021,-0.20781864
D126P,0.941,-0.055525072
D126Q,0.5245,-0.34583262
D126S,-0.4877,-0.2172626
D126V,0.4724,-0.71826196
T127A,-0.2636,-0.45375162
T127D,-0.1151,-0.36352208
T127E,-0.4869,-0.42999488
T127F,-1.1236,-0.3246131
T127G,0.735,-0.13548289
T127I,0.6146,-0.18094374
T127K,0.4437,-0.44553998
T127L,-0.2315,-0.3321663
T127N,-1.4194,-0.37260345
T127Q,-1.114,-0.4717684
T127R,0.735,-0.37168425
T127S,-0.9566,-0.34742326
T127V,1.5076,-0.20776984
T127W,-0.4874,-0.40681696
T127Y,0.3029,-0.26332116
K128A,-0.3665,-0.46109992
K128C,-0.9288,-0.36569896
K128D,-0.7881,-0.21676695
K128E,2.1931,-0.14601848
K128F,1.2125,-0.30218664
K128H,-0.1254,-0.3594926
K128I,-0.5819,-0.62231874
K128L,0.184,-0.51189685
K128M,-0.4235,-0.48641804
K128N,0.5228,-0.23720327
K128P,1.1969,-0.12316235
K128Q,-0.1009,-0.29843137
K128R,0.5042,-0.24391851
K128S,-0.3524,-0.3426106
K128T,-0.4333,-0.27053416
K128V,-0.2999,-0.54101324
K128W,-0.2265,-0.56437135
Q129A,1.38,-0.17607984
Q129C,-0.6533,-0.43977064
Q129E,-0.3946,-0.25642762
Q129F,1.5376,-0.1725573
Q129H,0.5634,-0.3550837
Q129I,-0.2774,-0.31784844
Q129K,0.2396,-0.2796388
Q129L,0.5547,-0.20077887
Q129M,-1.0296,-0.35906824
Q129N,-0.1887,-0.31497636
Q129P,-0.6248,-0.24330592
Q129R,0.4874,-0.3216016
Q129S,-0.8036,-0.29552013
Q129T,0.4364,-0.28199166
Q129W,-0.4578,-0.29219007
Q129Y,-0.8034,-0.20556624
A130C,-0.2728,-0.4747875
A130D,-0.2724,-0.45568255
A130E,0.5322,-0.3471487
A130F,-0.6058,-0.4000541
A130G,0.4918,-0.30004573
A130I,-0.1788,-0.47934878
A130K,-0.3661,-0.40361646
A130L,-0.2655,-0.41813156
A130M,-0.2416,-0.4018935
A130N,-0.5282,-0.34757936
A130P,-0.3838,-0.379677
A130R,-0.8701,-0.4901677
A130S,-0.1374,-0.41391724
A130V,-0.2233,-0.46172094
A130W,-0.1361,-0.49359295
A130Y,-0.3874,-0.42184013
Q131A,0.1661,-0.27953833
Q131C,-0.358,-0.39886922
Q131D,1.8381,-0.18576238
Q131E,0.6935,-0.10224386
Q131F,-0.4085,-0.4955606
Q131G,-0.7771,-0.5634921
Q131H,0.251,-0.37433362
Q131K,-0.4757,-0.2618912
Q131N,0.5086,-0.3964144
Q131P,-1.1616,-0.44807374
Q131R,-0.5589,-0.3953883
Q131S,-0.4155,-0.45706248
Q131T,0.2388,-0.41782007
Q131V,0.3148,-0.39474267
Q131W,-0.4771,-0.43691942
Q131Y,0.207,-0.41426843
D132A,0.8759,-0.28373128
D132C,0.4394,-0.35795557
D132E,0.4568,-0.19892041
D132F,-0.8999,-0.48714474
D132G,0.4537,-0.31207594
D132H,1.5431,-0.24314646
D132I,-0.745,-0.5644267
D132K,-0.2714,-0.2757165
D132L,-0.2319,-0.43326443
D132M,0.3611,-0.35604018
D132N,-0.7295,-0.22553667
D132Q,-0.8604,-0.3519281
D132S,-0.5909,-0.21936941
D132V,-0.3269,-0.54782325
D132W,-0.4413,-0.5925181
D132Y,-0.336,-0.47130278
L133C,-0.5255,-0.5638902
L133D,-0.2816,-0.4007636
L133E,-0.2941,-0.41154346
L133F,0.4047,-0.27078182
L133G,-0.715,-0.63086605
L133H,-1.0498,-0.3526048
L133I,-1.1373,-0.2594319
L133K,-0.578,-0.45305246
L133L,-0.2987,-0.28354663
L133M,0.1159,-0.35557958
L133N,-0.2538,-0.4007808
L133P,0.4699,-0.3243859
L133Q,0.5923,-0.33763382
L133R,-0.3477,-0.3106866
L133S,2.1687,-0.4063109
L133T,-0.5656,-0.45835137
L133V,-0.2416,-0.33457205
L133Y,0.4487,-0.37680212
A134C,-0.571,-0.36834455
A134D,-0.5625,-0.17012256
A134E,-0.2782,-0.2412666
A134F,-1.3083,-0.33303586
A134G,0.4736,-0.2082848
A134H,0.5575,-0.26342836
A134I,0.5794,-0.17372939
A134K,1.0927,-0.2034813
A134L,-0.5765,-0.17194629
A134M,0.6577,-0.23099682
A134N,-0.7464,-0.31556278
A134P,0.1284,-0.20052737
A134Q,-0.3582,-0.20982201
A134R,-0.2415,-0.22113658
A134S,-0.2641,-0.2564588
A134T,1.2725,-0.21623196
A134V,1.4012,-0.041626878
A134W,0.273,-0.21757665
A134Y,1.0453,-0.16168642
R135A,0.9866,-0.16412142
R135D,-0.2787,-0.33231336
R135E,-0.5292,-0.2862093
R135F,-0.7527,-0.5637701
R135G,0.398,0.08352565
R135H,0.6082,-0.3010489
R135I,0.1847,-0.50435764
R135K,0.8745,-0.26395583
R135L,-1.3633,-0.442221
R135M,-1.8148,-0.63124144
R135N,2.3542,0.0660368
R135P,0.11,-0.13774213
R135R,0.6466,-0.28354663
R135S,0.9219,0.068856336
R135T,-0.3577,-0.18311107
R135V,0.2036,-0.3702466
R135W,-0.4293,-0.58218443
S136A,0.1961,-0.36276698
S136C,-0.4233,-0.34229136
S136D,0.4911,-0.23337775
S136E,-0.3872,-0.36325556
S136F,0.713,-0.18349183
S136G,-0.2504,-0.30928564
S136H,0.9971,-0.10855397
S136I,-1.2187,-0.31598586
S136K,-0.6414,-0.36942485
S136L,-0.1843,-0.30272096
S136M,0.1522,-0.3960163
S136N,-0.1351,-0.18504515
S136R,-0.3918,-0.30208766
S136T,-1.4278,-0.3328246
S136V,0.1863,-0.27221125
S136W,1.0853,-0.101118855
S136Y,-0.2146,-0.17215404
Y137A,1.1135,-0.20276347
Y137C,0.1781,-0.3445899
Y137F,-1.0965,-0.21988305
Y137G,0.1061,-0.25927782
Y137I,-0.1304,-0.25287566
Y137K,0.1486,-0.34605423
Y137L,-0.2253,-0.17062446
Y137M,-0.5055,-0.35475
Y137N,-0.5175,-0.35408688
Y137Q,-0.6001,-0.4246028
Y137R,0.545,-0.35760903
Y137S,0.3471,-0.30065128
Y137V,0.2657,-0.21246147
G138A,-0.1951,-0.1959432
G138C,0.5362,-0.3125146
G138D,-0.3429,-0.42441878
G138E,0.6618,-0.21255526
G138F,0.7979,-0.19345862
G138I,-0.5573,-0.26974183
G138K,0.1605,-0.20110738
G138L,0.5252,-0.097737335
G138M,0.7701,-0.17166114
G138N,-0.628,-0.43710837
G138P,-1.2986,-0.7101946
G138R,0.2783,-0.18810363
G138S,1.1659,-0.3196619
G138T,-0.51,-0.33214042
G138V,-1.152,-0.4103411
G138W,-0.221,-0.2291961
G138Y,-0.5477,-0.26959124
I139A,0.6969,-0.18485302
I139C,0.8318,-0.13798521
I139D,-0.2429,-0.28549945
I139F,1.0732,-0.2095341
I139G,0.4563,-0.33028147
I139H,-1.0559,-0.3019758
I139K,-0.2387,-0.4349123
I139L,-0.3997,-0.22504184
I139M,0.7189,-0.0368366
I139N,-1.5499,-0.38214004
I139P,-0.6937,-0.63836
I139Q,-0.7837,-0.25581738
I139R,-0.7037,-0.38859144
I139S,0.5094,-0.35407132
I139T,0.3171,-0.34584692
I139V,0.5631,-0.30984628
I139W,1.1175,-0.01582178
I139Y,-0.8298,-0.30335855
P140A,-0.709,-0.58196247
P140C,1.2725,-0.05804839
P140D,-1.0864,-0.37601677
P140G,-0.6085,-0.47122702
P140H,-0.19,-0.17840114
P140I,-0.5507,-0.512136
P140K,-0.6742,-0.3195728
P140L,-0.4089,-0.5692831
P140M,0.606,-0.28199485
P140N,0.3795,-0.16108786
P140Q,-1.632,-0.45393452
P140R,0.1113,-0.2353059
P140S,1.2158,-0.30845845
P140T,-1.2312,-0.2735716
P140V,-1.1063,-0.63853264
P140W,0.485,-0.15459621
P140Y,-1.7221,-0.2518251
F141A,-0.6304,-0.48754802
F141C,0.1579,-0.4165993
F141D,-0.2312,-0.51962423
F141E,-0.1864,-0.45809165
F141H,-0.2114,-0.5192636
F141I,0.72,-0.29646617
F141K,-0.9041,-0.5072362
F141L,0.6379,-0.2382155
F141M,-0.9298,-0.41319084
F141N,-0.1445,-0.42862722
F141P,0.1735,-0.10576668
F141Q,0.1558,-0.47101814
F141R,-0.4214,-0.39238432
F141S,-0.941,-0.45726246
F141V,-0.3252,-0.31262887
F141W,-0.2205,-0.3353382
F141Y,0.4688,-0.24596253
I142A,-0.7667,-0.3409705
I142C,2.8538,0.074930854
I142D,-0.6381,-0.56371516
I142E,0.2241,-0.35467455
I142G,0.1959,-0.4763195
I142H,0.3906,-0.24714166
I142K,-0.8188,-0.45882896
I142L,1.1944,-0.18417548
I142M,-0.2614,-0.23983276
I142P,-0.1947,-0.4129897
I142Q,-1.001,-0.4072243
I142R,-0.348,-0.52765346
I142S,-0.3143,-0.437952
I142V,0.3988,-0.22943568
I142Y,0.4509,-0.12794535
E143A,-0.2175,-0.3576572
E143C,-0.6264,-0.697343
E143D,-0.2946,-0.3282302
E143F,-1.6968,-0.72502923
E143H,-0.1109,-0.5095172
E143I,-0.4826,-0.6563386
E143K,0.5409,-0.20297389
E143L,0.2726,-0.51268303
E143M,-0.1697,-0.44094723
E143N,-0.6271,-0.3039398
E143Q,0.3661,-0.29204357
E143R,0.3996,-0.41460717
E143S,0.4941,-0.30876192
E143T,-0.2333,-0.56369615
E143V,-1.4765,-0.7602216
E143W,-0.2874,-0.6051272
E143Y,-0.7631,-0.6038244
T144A,0.518,-0.18396398
T144C,0.1193,-0.10006707
T144D,-0.2661,-0.12572008
T144E,-0.3956,-0.23227079
T144F,0.1615,-0.20126766
T144H,-0.1569,-0.20021151
T144I,0.3058,-0.226814
T144K,0.8795,-0.12644488
T144L,-0.7915,-0.27939907
T144M,0.8681,-0.20650859
T144N,0.4169,-0.16736716
T144P,-0.2977,-0.35330603
T144Q,0.2349,-0.1317993
T144R,0.3454,-0.24726772
T144S,-0.4899,-0.2163238
T144V,-0.1976,-0.28274193
T144W,0.5242,-0.09240579
T144Y,-1.0722,-0.26141262
S145A,-0.5338,-0.21224284
S145C,0.2927,0.12171263
S145D,2.2351,-0.11345238
S145E,1.2536,-0.075857885
S145F,3.541,0.42049557
S145G,1.971,-0.27342904
S145I,-0.3718,0.08730463
S145K,-0.2076,-0.15497658
S145L,0.3401,0.114214905
S145M,1.7415,0.3504517
S145N,2.2611,-0.25868464
S145P,-1.6497,-0.42375407
S145Q,-0.1312,-0.1952101
S145R,1.2556,0.07263828
S145S,0.1357,-0.28354663
S145T,-0.1915,-0.1814381
S145V,0.2558,-0.009966219
S145W,0.8339,0.5015778
S145Y,4.6778,0.589936
A146C,0.6234,0.103821404
A146D,-0.1832,-0.23620783
A146E,-1.3055,-0.23572032
A146G,0.9429,-0.0012159885
A146H,-1.4839,-0.26051962
A146I,0.1569,-0.08019065
A146K,-0.723,-0.24686477
A146L,0.1992,-0.20896882
A146M,1.0348,-0.07402434
A146N,1.9031,0.050288223
A146P,3.1541,0.24963677
A146Q,1.0538,-0.13199487
A146R,-0.7387,-0.2612342
A146S,-0.2658,-0.0698537
A146T,1.0132,0.008622592
A146V,1.2579,-0.07342895
A146W,0.9357,0.010971254
A146Y,1.1305,-0.17387791
K147A,-1.9449,-0.35693103
K147C,0.5405,-0.08053871
K147D,0.9726,-0.18724573
K147E,1.0437,-0.08439516
K147F,0.1092,-0.27939522
K147G,0.3577,-0.35478047
K147H,0.1969,-0.19035673
K147L,0.5386,-0.23577027
K147M,0.2425,-0.1199613
K147N,0.698,-0.165208
K147P,-3.6078,-0.6353493
K147Q,0.2706,-0.21624957
K147S,0.9698,-0.30959398
K147T,0.3058,-0.3511775
K147V,-0.4763,-0.30685824
K147W,0.6701,-0.034507863
K147Y,0.2507,-0.2542776
T148A,-0.6387,-0.23361787
T148C,0.2762,-0.22442527
T148E,0.6915,-0.11396458
T148F,-0.7881,-0.32233977
T148G,0.5574,-0.16750512
T148I,-0.6696,-0.45411822
T148K,-0.9462,-0.17285728
T148M,0.7189,-0.14867578
T148N,1.2423,-0.10265138
T148P,2.1499,-0.09483708
T148Q,0.3523,-0.29501832
T148R,0.104,-0.2108253
T148S,-0.5151,-0.2559117
T148V,0.4197,-0.41900787
T148W,-0.1386,-0.2171382
T148Y,-0.3809,-0.27653125
R149A,1.0467,0.009244567
R149C,-0.4423,-0.16043663
R149D,-0.4797,-0.3854267
R149F,0.8121,-0.06479996
R149G,0.425,-0.13491043
R149H,1.8564,-0.11662742
R149I,0.3711,-0.04800176
R149L,0.3853,-0.055370025
R149M,0.5339,-0.026937405
R149N,0.2495,-0.22818068
R149P,-1.8076,-0.4871065
R149Q,0.4276,-0.20674282
R149R,0.3671,-0.28354663
R149S,-0.2886,-0.19373438
R149T,0.2008,-0.2582835
R149V,0.7278,-0.029547015
R149W,-0.1368,-0.06413915
R149Y,-0.1387,-0.21203762
Q150A,-0.1677,-0.20262438
Q150D,0.4126,-0.20347974
Q150E,0.5145,-0.31212857
Q150F,0.4496,-0.10358172
Q150G,0.474,-0.0012507082
Q150H,0.4389,-0.12672168
Q150K,-0.7994,-0.265133
Q150L,-0.3745,-0.13063128
Q150M,-0.2825,-0.16736013
Q150N,-0.8545,-0.2777296
Q150S,0.2434,-0.22079065
Q150T,0.4623,-0.21708669
Q150V,1.8858,-0.007995078
Q150Y,-0.2442,-0.1906376
G151A,0.1459,-0.21774654
G151C,-0.9382,-0.20183305
G151D,1.1642,-0.0053562913
G151E,0.3668,-0.07075415
G151F,-0.2915,-0.42661265
G151I,-0.2392,-0.43560797
G151K,0.1804,-0.14458904
G151M,0.3349,-0.29578
G151N,-0.7098,-0.109366514
G151P,-0.2608,0.0021999239
G151Q,0.777,-0.12812522
G151R,0.1679,-0.1356799
G151S,0.7312,-0.110735394
G151T,-0.3666,-0.27179366
G151V,0.4715,-0.39323658
G151W,-1.0748,-0.3678037
G151Y,-1.0762,-0.34253958
V152A,-0.7781,0.09888517
V152C,-0.6365,-0.06555276
V152D,0.3906,0.19038965
V152E,0.5702,0.3820126
V152F,0.9101,0.06857667
V152G,0.2669,0.20598824
V152H,2.697,0.39999777
V152I,0.2538,-0.068779044
V152K,2.3639,0.41447523
V152L,0.212,0.15418966
V152M,2.7143,0.33979952
V152N,0.9814,0.35410684
V152P,0.4115,0.016121274
V152Q,1.2259,0.34370303
V152R,1.7698,0.31729805
V152S,0.9391,0.23809847
V152T,0.2733,0.076104514
V152W,5.2122,0.17240974
V152Y,0.2184,0.07734538
D153A,-0.1098,-0.23958077
D153C,-0.5847,-0.41270292
D153E,1.5039,-0.17270745
D153F,0.2294,-0.22836189
D153G,0.188,-0.06843426
D153H,1.0994,-0.09614482
D153I,0.2493,-0.12302659
D153K,0.4442,0.10934637
D153L,0.2014,-0.10360389
D153N,0.918,-0.015572825
D153P,1.0786,0.037384816
D153Q,1.0609,-0.016652877
D153R,0.4569,0.27550954
D153S,-0.6359,-0.10668313
D153T,0.2015,-0.124388464
D153V,-0.5737,-0.26742494
D153W,0.1123,-0.17643341
D154A,0.4486,-0.053647883
D154C,0.4738,-0.27812037
D154E,0.3328,-0.03733372
D154F,-1.0875,0.026540061
D154G,0.3844,-0.095769815
D154H,-0.1063,-0.26696706
D154I,0.4152,0.08966649
D154K,1.6197,-0.123115174
D154L,0.9917,0.13801202
D154M,1.0405,0.029457351
D154N,-0.315,-0.29455936
D154P,-0.3742,-0.3129226
D154Q,0.7434,-0.12937906
D154R,-0.806,-0.39807156
D154S,-0.8688,-0.25127578
D154T,-1.6456,-0.30187726
D154W,0.5233,0.010802334
D154Y,0.2025,-0.12674999
A155C,-0.106,-0.13965693
A155D,0.7874,-0.15558428
A155F,-0.3444,-0.043513797
A155G,-0.3549,-0.31901938
A155H,0.4673,-0.016976321
A155K,-0.589,-0.09071409
A155L,0.2115,-0.06028997
A155M,0.693,0.10683713
A155P,1.3853,-0.18545863
A155Q,1.0265,-0.08703276
A155R,0.4602,-0.05418565
A155T,-0.4142,-0.3629531
A155W,1.4765,0.26120222
A155Y,0.1887,-0.02328291
F156A,0.7638,-0.021387467
F156C,0.7522,0.03294956
F156D,-0.2573,-0.03538715
F156E,0.5584,0.10165719
F156G,0.2633,0.06050106
F156H,1.9136,0.09031186
F156I,-0.3254,-0.088763796
F156K,0.1343,0.07040178
F156L,-0.6095,-0.110743396
F156M,0.3,-0.11172631
F156N,0.7721,0.17138176
F156P,0.1242,0.035453968
F156Q,-0.1454,0.065214254
F156R,0.4193,-0.03392742
F156T,0.994,0.108003326
F156V,0.3565,-0.003209436
F156W,1.0704,-0.0404936
F156Y,0.1724,-0.16513751
Y157A,-0.5483,-0.12771592
Y157C,0.8566,0.029491132
Y157E,0.4144,-0.14213161
Y157F,0.7574,-0.059786983
Y157G,-0.2185,-0.4566138
Y157H,0.8191,-0.03667488
Y157I,0.3376,-0.006446833
Y157K,0.2994,-0.09091189
Y157L,0.3334,0.09470973
Y157M,0.7952,0.048758723
Y157N,-0.1832,-0.19098598
Y157Q,-0.312,-0.16488451
Y157R,1.4962,-0.04528796
Y157S,-0.662,-0.2932871
Y157T,-0.2715,-0.24076486
Y157V,0.8688,0.011749482
L159C,1.3264,0.31035176
L159D,0.4159,-0.024390751
L159E,0.375,0.04585219
L159F,0.9354,-0.11146762
L159G,0.8854,0.060769714
L159I,-0.7977,-0.10440231
L159K,-0.6446,-0.15196691
L159L,-0.2206,-0.28354663
L159M,0.3261,-0.013007456
L159N,0.1723,0.06962324
L159P,0.4038,0.12651947
L159R,0.2418,-0.027872378
L159S,1.2265,0.1393576
L159V,0.8031,-0.049560823
L159W,0.8388,-0.12538572
L159Y,1.2893,0.03324882
V160A,-1.0113,-0.36665767
V160C,0.3117,-0.16088775
V160F,0.9483,0.07149381
V160H,0.2248,-0.17298031
V160I,2.2499,-0.17182958
V160K,-0.1985,-0.31237668
V160L,0.3798,-0.2375747
V160N,-0.3071,-0.2142981
V160P,0.4252,-0.19542459
V160Q,-0.7633,-0.3199147
V160R,0.8181,-0.15106373
V160S,-0.8777,-0.35694784
V160T,0.4517,-0.2528525
V160W,-0.2152,-0.02416926
V160Y,1.0462,0.031520016
R161A,-0.1975,-0.24054192
R161C,0.4923,0.039518468
R161D,0.1064,-0.22810128
R161E,0.3124,-0.22079062
R161F,1.4878,-0.10541346
R161G,-0.9063,-0.49383432
R161I,-1.5494,-0.17224777
R161L,1.1204,-0.08302615
R161M,-0.1742,-0.16581786
R161N,-0.1703,-0.37143734
R161P,0.7514,-0.1577265
R161Q,0.2722,-0.1977996
R161S,0.1637,-0.24939895
R161T,0.4597,-0.20738326
R161V,-0.5002,-0.15250646
R161W,-0.9263,-0.066687874
R161Y,0.1296,-0.086685516
E162A,0.9254,-0.22911349
E162C,-0.2101,-0.4745087
E162D,0.5034,-0.39788765
E162F,-1.0763,-0.59531134
E162G,-0.4243,-0.34561935
E162H,-0.3229,-0.45887184
E162I,-0.2846,-0.52870077
E162L,-0.6481,-0.3738945
E162M,0.5948,-0.5158745
E162N,-0.7671,-0.48410156
E162P,0.1962,-0.340959
E162Q,0.2468,-0.36598328
E162R,0.1033,-0.3566669
E162T,0.2178,-0.35341015
E162V,-0.5148,-0.5711585
E162W,-0.3946,-0.6214125
E162Y,-1.19,-0.63345754
I163C,-0.6874,-0.32983935
I163D,1.5669,-0.2293534
I163E,0.5842,-0.07843474
I163F,-0.803,-0.2539006
I163G,0.2528,-0.39994383
I163K,0.4592,-0.21754217
I163L,0.8735,-0.14568022
I163M,0.1976,-0.19303647
I163N,-1.16,-0.3569158
I163P,-0.5283,-0.461062
I163Q,0.7919,-0.1665066
I163R,-0.3215,-0.19344898
I163T,-0.9308,-0.4058185
I163V,0.3409,-0.31560576
I163W,0.1063,-0.20368028
R164A,-1.1205,-0.0065177623
R164D,0.6202,-0.030663008
R164E,0.6712,-0.10199516
R164F,2.3675,-0.0031406225
R164G,0.1353,-0.0063974503
R164H,0.1293,-0.1495687
R164I,-0.1663,-0.15218675
R164K,-0.5172,-0.2926923
R164L,-1.2665,-0.2715116
R164P,-0.48,-0.07131947
R164Q,0.4913,-0.14963908
R164R,0.2905,-0.28354663
R164S,-0.4367,0.006414598
R164T,1.2585,0.08137689
R164V,-0.3246,-0.15522017
R164W,0.3354,-0.047237404
R164Y,0.7219,0.030452913
K165A,0.4208,-0.34814936
K165C,-0.6494,-0.38136217
K165D,-0.7284,-0.35091713
K165E,0.4734,-0.3484803
K165F,-0.4358,-0.21700457
K165G,0.6759,-0.28258532
K165H,1.1399,-0.2389895
K165I,0.1164,-0.23133996
K165L,1.0457,-0.24771026
K165M,-0.8094,-0.4122226
K165N,-0.128,-0.25777024
K165P,-0.3871,-0.22509682
K165Q,0.1019,-0.3323567
K165R,-1.0756,-0.31771076
K165S,-0.5902,-0.2741335
K165V,0.5298,-0.17464013
K165W,-0.2147,-0.20740429
H166A,-0.2956,-0.51902306
H166C,0.3165,-0.34546584
H166D,-2.2289,-0.5419866
H166E,-2.6194,-0.36810708
H166F,-0.9688,-0.371383
H166G,0.6532,-0.4478107
H166I,-0.8531,-0.4930007
H166K,0.264,-0.43888456
H166L,-0.11,-0.44955543
H166M,0.7187,-0.44296977
H166N,-1.1805,-0.43137217
H166P,0.8428,-0.4603153
H166Q,0.2402,-0.4405575
H166R,-0.2854,-0.5175972
H166S,-1.8132,-0.47350228
H166T,-1.6011,-0.43172565
H166V,-0.1564,-0.46084496
H166W,-1.0189,-0.37795657
H166Y,2.1754,-0.24653459
K167A,0.3548,-0.029133106
K167C,0.3281,-0.011345664
K167D,0.5545,-0.0008457543
K167E,0.4766,-0.09549468
K167F,0.4764,-0.047049157
K167G,-0.8548,-0.008439356
K167H,1.0679,-0.07214197
K167I,-1.3608,-0.080274634
K167L,0.4194,0.024326628
K167M,1.2718,-0.13910013
K167N,1.6819,-0.008256638
K167P,-0.1449,-0.22448292
K167Q,-1.1941,-0.2343938
K167R,1.2489,-0.15248737
K167S,0.3881,0.0031781553
K167T,0.3097,0.052709676
K167W,-1.6808,-0.22271381
K167Y,-0.4052,-0.15878196
E168A,0.3097,-0.20355588
E168C,0.3728,-0.26072818
E168F,-0.591,-0.18203601
E168G,0.4879,-0.22915107
E168H,0.7321,-0.29010198
E168I,1.2926,-0.060826458
E168K,-2.1279,-0.40202752
E168L,1.8586,-0.12163489
E168M,-0.8887,-0.2115421
E168N,-2.583,-0.39753047
E168P,-0.3596,-0.5946958
E168R,-0.5885,-0.3177454
E168S,-0.3221,-0.37097603
E168T,0.1153,-0.26808518
E168V,-0.3633,-0.13886622
E168W,1.8121,-0.029519225
E168Y,-0.4059,-0.21538466
K169A,0.415,-0.37167975
K169C,-1.7193,-0.76695234
K169D,-1.0019,-0.576834
K169E,-1.0042,-0.46249166
K169G,-0.9307,-0.6367605
K169H,-0.3689,-0.4831584
K169I,-0.639,-0.62680864
K169L,-0.9266,-0.4586881
K169M,-0.2331,-0.50598973
K169P,-1.08,-0.40542707
K169Q,0.4456,-0.4730485
K169R,-0.1789,-0.4264785
K169S,-0.329,-0.5570141
K169T,-0.8725,-0.5999348
K169V,-0.176,-0.58100337
M170A,0.5814,-0.2036611
M170D,-0.3176,-0.15980631
M170E,1.0112,-0.028375858
M170F,0.1395,-0.32310456
M170G,0.7599,-0.11430474
M170H,-0.2769,-0.25410756
M170I,1.0883,-0.31324887
M170K,0.52,-0.1446963
M170L,0.5717,-0.33418167
M170N,-0.4029,-0.1696575
M170P,-0.4172,-0.18534565
M170Q,0.3918,-0.16817884
M170R,0.1655,-0.21103439
M170S,0.4029,-0.16048135
M170T,-0.5889,-0.23762561
M170V,-0.8474,-0.28692222
M170W,-0.9754,-0.4869191
M170Y,0.499,-0.21213686
S171A,-0.8497,-0.52330023
S171E,0.7309,-0.28672126
S171F,0.9262,-0.42858928
S171G,-0.9691,-0.4278003
S171H,-0.4627,-0.32839793
S171K,-0.996,-0.51568043
S171L,-1.7926,-0.529166
S171M,-0.7209,-0.5337138
S171N,0.5461,-0.25820443
S171P,1.0105,-0.35762084
S171Q,0.9124,-0.4208616
S171R,-0.2021,-0.40649676
S171S,0.4329,-0.28354663
S171T,0.9337,-0.32069165
S171V,-1.0102,-0.4680132
S171W,0.1887,-0.35657114
K172A,0.1986,-0.16960748
K172E,-0.5827,-0.37832674
K172F,-0.4877,-0.49841
K172H,0.8477,-0.27494913
K172I,0.2559,-0.35646626
K172L,0.8884,-0.3157801
K172M,0.1965,-0.2676862
K172N,0.3777,-0.18425903
K172P,-0.8024,-0.50573015
K172Q,0.2317,-0.311269
K172S,-0.4482,-0.2776432
K172T,0.8164,-0.22043648
K172V,-0.203,-0.33550775
K172W,-0.2194,-0.5147041
K172Y,-0.6955,-0.36586428
D173A,-0.7322,-0.340466
D173C,-0.1123,-0.27883416
D173E,1.0469,-0.3065797
D173F,-0.4846,-0.41750866
D173G,0.3259,-0.18018568
D173H,-0.6624,-0.36790046
D173I,0.5747,-0.36759284
D173K,0.7665,-0.22222549
D173L,-3.0981,-0.32305902
D173M,-0.4475,-0.36299977
D173N,0.4016,-0.32337976
D173P,1.012,-0.024507502
D173Q,-0.1718,-0.2844642
D173R,-0.13,-0.38045198
D173S,0.5863,-0.23670939
D173T,0.2597,-0.2405708
D173V,-0.2398,-0.31202492
D173W,-0.9254,-0.46139562
D173Y,0.338,-0.31338006
G174A,0.3497,-0.33711323
G174C,0.713,-0.19263855
G174D,0.565,-0.2871664
G174E,-0.5799,-0.4487807
G174F,0.8643,-0.111143775
G174H,0.4138,-0.13234313
G174I,-0.4762,-0.24383377
G174K,0.8707,-0.2001563
G174L,0.2018,-0.3253881
G174M,-0.4976,-0.25067556
G174N,-0.9275,-0.24172617
G174P,-0.8465,-0.1927554
G174Q,-0.3563,-0.29682067
G174R,0.6651,-0.3632659
G174S,0.3487,-0.34557867
G174T,-0.1684,-0.30620486
G174V,0.1818,-0.23241518
G174W,0.7134,-0.06614607
G174Y,0.1319,-0.11516126
K175C,0.8035,-0.04114052
K175D,0.7292,-0.16781583
K175E,-0.4307,-0.27412277
K175F,1.7653,-0.23997006
K175G,-0.2114,-0.26082826
K175H,-0.196,-0.20794886
K175I,-0.1581,-0.2790366
K175L,0.2935,-0.25986868
K175N,-0.3824,-0.31860664
K175Q,-0.9274,-0.27116817
K175R,0.4274,-0.28969234
K175S,1.2808,-0.25907034
K175T,0.9742,-0.22627039
K175V,-0.7693,-0.3757439
K175W,-0.1766,-0.12377744
K175Y,0.1025,-0.2232254
K176C,-0.1029,-0.27450716
K176G,0.3464,-0.34775603
K176H,0.207,-0.35981023
K176I,-0.7612,-0.47908756
K176L,-0.2789,-0.5221984
K176M,-0.4633,-0.4414281
K176N,0.3076,-0.30948463
K176P,-0.7474,-0.45796466
K176Q,-0.1545,-0.3924927
K177A,0.1394,-0.11299976
K177C,0.2533,-0.18105428
K177D,0.6964,-0.14317176
K177E,0.4152,-0.15482712
K177F,-0.8817,-0.20765428
K177G,0.7537,-0.047455706
K177H,-0.1016,-0.2267712
K177I,0.5072,-0.11509184
K177L,0.4623,-0.12078347
K177M,-0.1304,-0.17551285
K177N,1.085,-0.120815
K177P,-0.6832,-0.18390253
K177Q,-0.145,-0.26043296
K177R,0.1323,-0.18205102
K177S,0.2163,-0.17227393
K177T,-0.1125,-0.2212011
K177V,0.4877,-0.114054166
K177Y,-0.2002,-0.22462915
K178D,-0.4086,-0.17870162
K178E,0.4278,-0.14819166
K178F,1.1505,-0.12977298
K178G,0.3563,-0.29640755
K178H,-1.4672,-0.20639777
K178I,0.2359,-0.13662636
K178L,0.2152,-0.13888414
K178M,-0.7957,-0.20194316
K178N,0.1047,-0.22819452
K178P,-0.2291,-0.26545522
K178Q,1.0556,-0.23672414
K178S,0.3469,-0.21156561
K178V,-0.2147,-0.13397111
K178W,-0.1463,-0.26712793
K178Y,0.9591,-0.1459853
K179A,1.4694,-0.067044996
K179C,0.5725,-0.2698299
K179D,-0.7309,-0.19961217
K179E,-1.1763,-0.22146702
K179F,-1.6175,-0.2557808
K179G,-0.2252,-0.22310084
K179I,1.3379,-0.0017837824
K179L,0.348,-0.062323026
K179M,1.0301,0.01891034
K179N,0.7207,-0.2386333
K179P,1.3903,0.015001809
K179Q,-1.3454,-0.24575385
K179R,-0.1286,-0.28183475
K179S,0.1136,-0.1202633
K179T,0.2931,-0.08408453
K179V,0.8049,-0.007424379
K179W,0.4904,-0.1683617
K179Y,0.7659,-0.09941668
K180A,0.3545,-0.17896664
K180C,-0.6139,-0.49331033
K180E,1.0942,-0.1486077
K180F,-0.3602,-0.4098195
K180G,0.6696,-0.15609728
K180H,-0.3134,-0.35404634
K180I,0.4858,-0.25324595
K180L,0.1112,-0.20642477
K180M,-0.7869,-0.2521406
K180N,0.1769,-0.31373975
K180P,1.0832,-0.03698311
K180Q,-0.5553,-0.23251615
K180R,-0.6525,-0.34159407
K180S,-0.5092,-0.2730239
K180T,0.7181,-0.2688654
K180W,-0.772,-0.55449486
K180Y,-2.434,-0.4596131
S181A,0.1648,-0.15009496
S181C,0.2692,-0.19545233
S181D,-1.1443,-0.2227687
S181E,-0.7516,-0.19006845
S181F,0.4945,-0.18904792
S181H,-0.4417,-0.20280655
S181I,0.5532,-0.16973212
S181K,0.5306,-0.21683086
S181L,1.7758,-0.09426548
S181M,0.9435,-0.054305293
S181P,0.1675,-0.16001563
S181Q,1.1588,-0.13895929
S181R,0.2347,-0.16523919
S181S,0.4256,-0.28354663
S181T,0.3991,-0.20563668
S181V,-0.2103,-0.2426512
S181W,-0.671,-0.25383818
S181Y,-1.1258,-0.20422879
K182A,0.2943,-0.16154355
K182C,-0.8097,-0.46514693
K182D,0.9689,-0.13503769
K182F,-0.3303,-0.3551631
K182H,0.1997,-0.18106358
K182I,0.7083,-0.396587
K182L,0.1762,-0.25227427
K182N,0.2494,-0.12597574
K182P,-0.6689,-0.14807037
K182Q,-0.1109,-0.28833815
K182R,0.4124,-0.2851626
K182S,-0.3132,-0.2469303
K182T,-0.6589,-0.24414231
K182V,1.1841,-0.34043217
K182W,-0.569,-0.31656048
K182Y,-0.7007,-0.27350056
T183C,-0.2123,-0.15056285
T183D,1.6041,-0.11560822
T183E,0.1063,-0.23555106
T183F,0.4795,-0.097688936
T183G,-0.2328,-0.28215492
T183H,1.8138,-0.06595298
T183I,-0.2731,-0.124981664
T183K,0.3098,-0.11782514
T183L,2.3059,-0.08906243
T183M,0.87,-0.069205455
T183N,-0.9451,-0.17790873
T183Q,-0.1707,-0.16087279
T183R,0.8256,-0.04980781
T183S,-0.6546,-0.23594128
T183V,0.3932,-0.14634117
T183W,0.2459,-0.013798276
T183Y,-0.2158,-0.03602407
K184A,0.162,-0.17553727
K184C,1.5388,-0.05799467
K184D,-0.5762,-0.22428088
K184E,-0.8558,-0.23292789
K184G,0.3071,-0.2722035
K184H,0.6484,-0.24226603
K184I,0.5076,-0.1508967
K184L,0.2707,-0.15987036
K184M,0.1124,-0.18688065
K184N,0.3217,-0.2848969
K184P,-0.4693,-0.16060962
K184Q,-0.1626,-0.22307175
K184R,0.2176,-0.20622963
K184S,-0.8437,-0.20585257
K184T,0.2418,-0.20597687
K184V,0.788,-0.11129337
K184W,-0.7984,-0.25879797
C185A,0.5709,-0.18710965
C185D,-1.0706,-0.25675398
C185E,0.4017,-0.24440944
C185F,1.5481,-0.21382162
C185G,0.4466,-0.19776787
C185H,-0.9765,-0.23763397
C185K,-0.3788,-0.1913274
C185L,0.1655,-0.15179944
C185M,0.598,-0.18733057
C185P,0.3278,-0.22845653
C185Q,0.7051,-0.20756948
C185R,0.4131,-0.23874378
C185S,0.1044,-0.2290734
C185T,-0.4072,-0.23310086
C185V,-0.1645,-0.19201663
C185W,-0.1336,-0.22676867
C185Y,-0.4073,-0.22266042
V186A,-0.7215,-0.21408957
V186D,-0.3781,-0.18455419
V186E,-0.1719,-0.18430644
V186F,-0.7626,-0.2661034
V186H,-0.1028,-0.22587806
V186I,-1.1093,-0.2847761
V186L,0.9904,-0.27156943
V186M,0.902,-0.26076895
V186N,0.4636,-0.1818138
V186R,-0.1449,-0.19296621
V186S,1.4735,-0.18792716
V186T,0.4519,-0.21681377
V186W,0.8376,-0.23833932
I187A,0.1532,-0.24225338
I187D,-0.4506,-0.25303772
I187E,0.6401,-0.24851507
I187F,0.2726,-0.2809465
I187G,-0.1409,-0.23339596
I187H,0.2437,-0.24679638
I187K,0.3049,-0.26859
I187L,0.5954,-0.27544525
I187N,-1.6045,-0.23509304
I187P,0.3866,-0.26647708
I187Q,0.2538,-0.2661951
I187R,1.1175,-0.23896565
I187S,-0.2263,-0.25808123
I187T,0.6504,-0.26481876
I187W,0.3397,-0.25697175
I187Y,-0.4923,-0.2865277
M188A,1.5508,-0.27805558
M188C,0.4299,-0.26330695
M188D,-0.3497,-0.2888453
M188E,-0.2404,-0.2777979
M188F,0.22,-0.2745602
M188G,-0.4999,-0.2594668
M188I,-0.1349,-0.2845227
M188L,0.1215,-0.27889848
M188N,-0.1578,-0.29552677
M188P,-0.5497,-0.2918565
M188Q,-1.1331,-0.29399806
M188R,-0.4389,-0.2846148
M188S,0.5221,-0.2734735
M188T,0.9297,-0.2799936
M188V,0.5731,-0.27341038
M188W,0.324,-0.26281732
M188Y,0.5533,-0.26915213
